"number","behaviour_event","value","type_event","fps","time","depth","x","y","z","behaviour","type","location","place","raw","date"
1,"1.sitting",1,"1.Resting",46274,"2016-08-09 16:14:17",0.71,-0.052,0.452,0.986,"sitting","Resting","land","land","sitting",2016-08-09 16:14:17
1,"1.sitting",1,"1.Resting",46275,"2016-08-09 16:14:17",0.71,-0.075,0.464,0.952,"sitting","Resting","land","land","",2016-08-09 16:14:17
1,"1.sitting",1,"1.Resting",46276,"2016-08-09 16:14:17",0.71,-0.024,0.459,0.915,"sitting","Resting","land","land","",2016-08-09 16:14:17
1,"1.sitting",1,"1.Resting",46277,"2016-08-09 16:14:17",0.71,0.008,0.452,0.885,"sitting","Resting","land","land","",2016-08-09 16:14:17
1,"1.sitting",1,"1.Resting",46278,"2016-08-09 16:14:17",0.71,0.014,0.449,0.868,"sitting","Resting","land","land","",2016-08-09 16:14:17
1,"1.sitting",1,"1.Resting",46279,"2016-08-09 16:14:17",0.71,-0.016,0.393,0.802,"sitting","Resting","land","land","",2016-08-09 16:14:17
1,"1.sitting",1,"1.Resting",46280,"2016-08-09 16:14:17",0.71,-0.026,0.428,0.881,"sitting","Resting","land","land","",2016-08-09 16:14:17
1,"1.sitting",1,"1.Resting",46281,"2016-08-09 16:14:17",0.71,-0.019,0.408,0.925,"sitting","Resting","land","land","",2016-08-09 16:14:17
1,"1.sitting",1,"1.Resting",46282,"2016-08-09 16:14:17",0.71,-0.013,0.407,0.961,"sitting","Resting","land","land","",2016-08-09 16:14:17
1,"1.sitting",1,"1.Resting",46283,"2016-08-09 16:14:17",0.71,-0.015,0.363,0.846,"sitting","Resting","land","land","",2016-08-09 16:14:17
1,"1.sitting",1,"1.Resting",46284,"2016-08-09 16:14:17",0.71,0.016,0.388,0.841,"sitting","Resting","land","land","",2016-08-09 16:14:17
1,"1.sitting",1,"1.Resting",46285,"2016-08-09 16:14:17",0.71,0.048,0.422,0.874,"sitting","Resting","land","land","",2016-08-09 16:14:17
1,"1.sitting",1,"1.Resting",46286,"2016-08-09 16:14:17",0.71,0.034,0.424,0.904,"sitting","Resting","land","land","",2016-08-09 16:14:17
1,"1.sitting",1,"1.Resting",46287,"2016-08-09 16:14:17",0.71,-0.003,0.377,0.91,"sitting","Resting","land","land","",2016-08-09 16:14:17
1,"1.sitting",1,"1.Resting",46288,"2016-08-09 16:14:17",0.71,0.004,0.379,0.845,"sitting","Resting","land","land","",2016-08-09 16:14:17
1,"1.sitting",1,"1.Resting",46289,"2016-08-09 16:14:17",0.71,-0.007,0.398,0.879,"sitting","Resting","land","land","",2016-08-09 16:14:17
1,"1.sitting",1,"1.Resting",46290,"2016-08-09 16:14:17",0.71,0.011,0.394,0.898,"sitting","Resting","land","land","",2016-08-09 16:14:17
1,"1.sitting",1,"1.Resting",46291,"2016-08-09 16:14:17",0.71,0.012,0.354,0.907,"sitting","Resting","land","land","",2016-08-09 16:14:17
1,"1.sitting",1,"1.Resting",46292,"2016-08-09 16:14:17",0.71,0.098,0.381,0.896,"sitting","Resting","land","land","",2016-08-09 16:14:17
1,"1.sitting",1,"1.Resting",46293,"2016-08-09 16:14:17",0.71,0.131,0.391,0.881,"sitting","Resting","land","land","",2016-08-09 16:14:17
1,"1.sitting",1,"1.Resting",46294,"2016-08-09 16:14:18",0.71,0.067,0.427,0.941,"sitting","Resting","land","land","",2016-08-09 16:14:18
1,"1.sitting",1,"1.Resting",46295,"2016-08-09 16:14:18",0.71,0.096,0.495,1.039,"sitting","Resting","land","land","",2016-08-09 16:14:18
1,"1.sitting",1,"1.Resting",46296,"2016-08-09 16:14:18",0.71,0.024,0.402,0.952,"sitting","Resting","land","land","",2016-08-09 16:14:18
1,"1.sitting",1,"1.Resting",46297,"2016-08-09 16:14:18",0.71,0.036,0.397,0.898,"sitting","Resting","land","land","",2016-08-09 16:14:18
1,"1.sitting",1,"1.Resting",46298,"2016-08-09 16:14:18",0.71,0.038,0.335,0.865,"sitting","Resting","land","land","",2016-08-09 16:14:18
1,"1.sitting",1,"1.Resting",46299,"2016-08-09 16:14:18",0.71,0.068,0.369,0.918,"sitting","Resting","land","land","",2016-08-09 16:14:18
1,"1.sitting",1,"1.Resting",46300,"2016-08-09 16:14:18",0.71,0.05,0.433,1.017,"sitting","Resting","land","land","",2016-08-09 16:14:18
1,"1.sitting",1,"1.Resting",46301,"2016-08-09 16:14:18",0.71,0.021,0.422,0.981,"sitting","Resting","land","land","",2016-08-09 16:14:18
1,"1.sitting",1,"1.Resting",46302,"2016-08-09 16:14:18",0.75,0.025,0.413,0.936,"sitting","Resting","land","land","",2016-08-09 16:14:18
1,"1.sitting",1,"1.Resting",46303,"2016-08-09 16:14:18",0.71,0.082,0.434,1.005,"sitting","Resting","land","land","",2016-08-09 16:14:18
1,"1.sitting",1,"1.Resting",46304,"2016-08-09 16:14:18",0.71,0.09,0.383,0.919,"sitting","Resting","land","land","",2016-08-09 16:14:18
1,"1.sitting",1,"1.Resting",46305,"2016-08-09 16:14:18",0.71,0.104,0.331,0.859,"sitting","Resting","land","land","",2016-08-09 16:14:18
1,"1.sitting",1,"1.Resting",46306,"2016-08-09 16:14:18",0.71,0.088,0.392,0.953,"sitting","Resting","land","land","",2016-08-09 16:14:18
1,"1.sitting",1,"1.Resting",46307,"2016-08-09 16:14:18",0.71,0.07,0.349,0.875,"sitting","Resting","land","land","",2016-08-09 16:14:18
1,"1.sitting",1,"1.Resting",46308,"2016-08-09 16:14:18",0.71,0.043,0.379,0.912,"sitting","Resting","land","land","",2016-08-09 16:14:18
1,"1.sitting",1,"1.Resting",46309,"2016-08-09 16:14:18",0.71,-0.01,0.386,0.952,"sitting","Resting","land","land","",2016-08-09 16:14:18
1,"1.sitting",1,"1.Resting",46310,"2016-08-09 16:14:18",0.71,0.004,0.334,0.905,"sitting","Resting","land","land","",2016-08-09 16:14:18
1,"1.sitting",1,"1.Resting",46311,"2016-08-09 16:14:18",0.71,0.072,0.388,0.964,"sitting","Resting","land","land","",2016-08-09 16:14:18
1,"1.sitting",1,"1.Resting",46312,"2016-08-09 16:14:18",0.71,0.109,0.412,0.976,"sitting","Resting","land","land","",2016-08-09 16:14:18
1,"1.sitting",1,"1.Resting",46313,"2016-08-09 16:14:18",0.71,0.106,0.388,0.948,"sitting","Resting","land","land","",2016-08-09 16:14:18
1,"1.sitting",1,"1.Resting",46314,"2016-08-09 16:14:19",0.71,0.124,0.355,0.876,"sitting","Resting","land","land","",2016-08-09 16:14:19
1,"1.sitting",1,"1.Resting",46315,"2016-08-09 16:14:19",0.71,0.13,0.422,1.004,"sitting","Resting","land","land","",2016-08-09 16:14:19
1,"1.sitting",1,"1.Resting",46316,"2016-08-09 16:14:19",0.71,0.098,0.359,0.914,"sitting","Resting","land","land","",2016-08-09 16:14:19
1,"1.sitting",1,"1.Resting",46317,"2016-08-09 16:14:19",0.71,0.107,0.398,0.939,"sitting","Resting","land","land","",2016-08-09 16:14:19
1,"1.sitting",1,"1.Resting",46318,"2016-08-09 16:14:19",0.71,0.12,0.4,0.948,"sitting","Resting","land","land","",2016-08-09 16:14:19
1,"1.sitting",1,"1.Resting",46319,"2016-08-09 16:14:19",0.71,0.158,0.361,0.894,"sitting","Resting","land","land","",2016-08-09 16:14:19
1,"1.sitting",1,"1.Resting",46320,"2016-08-09 16:14:19",0.71,0.178,0.367,0.909,"sitting","Resting","land","land","",2016-08-09 16:14:19
1,"1.sitting",1,"1.Resting",46321,"2016-08-09 16:14:19",0.71,0.195,0.383,0.91,"sitting","Resting","land","land","",2016-08-09 16:14:19
1,"1.sitting",1,"1.Resting",46322,"2016-08-09 16:14:19",0.71,0.168,0.351,0.875,"sitting","Resting","land","land","",2016-08-09 16:14:19
1,"1.sitting",1,"1.Resting",46323,"2016-08-09 16:14:19",0.75,0.137,0.307,0.812,"sitting","Resting","land","land","",2016-08-09 16:14:19
1,"1.sitting",1,"1.Resting",46324,"2016-08-09 16:14:19",0.71,0.102,0.365,0.925,"sitting","Resting","land","land","",2016-08-09 16:14:19
1,"1.sitting",1,"1.Resting",46325,"2016-08-09 16:14:19",0.71,0.108,0.397,1.022,"sitting","Resting","land","land","",2016-08-09 16:14:19
1,"1.sitting",1,"1.Resting",46326,"2016-08-09 16:14:19",0.71,0.042,0.362,1.004,"sitting","Resting","land","land","",2016-08-09 16:14:19
1,"1.sitting",1,"1.Resting",46327,"2016-08-09 16:14:19",0.71,0.102,0.388,0.888,"sitting","Resting","land","land","",2016-08-09 16:14:19
1,"1.sitting",1,"1.Resting",46328,"2016-08-09 16:14:19",0.71,0.139,0.36,0.94,"sitting","Resting","land","land","",2016-08-09 16:14:19
1,"1.sitting",1,"1.Resting",46329,"2016-08-09 16:14:19",0.71,0.092,0.419,1.09,"sitting","Resting","land","land","",2016-08-09 16:14:19
1,"1.sitting",1,"1.Resting",46330,"2016-08-09 16:14:19",0.71,0.053,0.443,0.965,"sitting","Resting","land","land","",2016-08-09 16:14:19
1,"1.sitting",1,"1.Resting",46331,"2016-08-09 16:14:19",0.71,0.099,0.438,0.912,"sitting","Resting","land","land","",2016-08-09 16:14:19
1,"1.sitting",1,"1.Resting",46332,"2016-08-09 16:14:19",0.71,0.131,0.409,0.937,"sitting","Resting","land","land","",2016-08-09 16:14:19
1,"1.sitting",1,"1.Resting",46333,"2016-08-09 16:14:19",0.71,0.102,0.396,0.913,"sitting","Resting","land","land","",2016-08-09 16:14:19
1,"1.sitting",1,"1.Resting",46334,"2016-08-09 16:14:20",0.71,0.137,0.423,0.928,"sitting","Resting","land","land","",2016-08-09 16:14:20
1,"1.sitting",1,"1.Resting",46335,"2016-08-09 16:14:20",0.75,0.118,0.385,0.864,"sitting","Resting","land","land","",2016-08-09 16:14:20
1,"1.sitting",1,"1.Resting",46336,"2016-08-09 16:14:20",0.71,0.071,0.339,0.886,"sitting","Resting","land","land","",2016-08-09 16:14:20
1,"1.sitting",1,"1.Resting",46337,"2016-08-09 16:14:20",0.71,0.087,0.387,0.952,"sitting","Resting","land","land","",2016-08-09 16:14:20
1,"1.sitting",1,"1.Resting",46338,"2016-08-09 16:14:20",0.71,0.083,0.462,1.112,"sitting","Resting","land","land","",2016-08-09 16:14:20
1,"1.sitting",1,"1.Resting",46339,"2016-08-09 16:14:20",0.71,0.037,0.414,1.048,"sitting","Resting","land","land","",2016-08-09 16:14:20
1,"1.sitting",1,"1.Resting",46340,"2016-08-09 16:14:20",0.71,0.039,0.343,0.959,"sitting","Resting","land","land","",2016-08-09 16:14:20
1,"1.sitting",1,"1.Resting",46341,"2016-08-09 16:14:20",0.75,0.068,0.294,0.913,"sitting","Resting","land","land","",2016-08-09 16:14:20
1,"1.sitting",1,"1.Resting",46342,"2016-08-09 16:14:20",0.71,0.103,0.308,1.034,"sitting","Resting","land","land","",2016-08-09 16:14:20
1,"1.sitting",1,"1.Resting",46343,"2016-08-09 16:14:20",0.71,0.083,0.286,0.94,"sitting","Resting","land","land","",2016-08-09 16:14:20
1,"1.sitting",1,"1.Resting",46344,"2016-08-09 16:14:20",0.75,0.131,0.32,0.967,"sitting","Resting","land","land","",2016-08-09 16:14:20
1,"1.sitting",1,"1.Resting",46345,"2016-08-09 16:14:20",0.71,0.084,0.344,1.091,"sitting","Resting","land","land","",2016-08-09 16:14:20
1,"1.sitting",1,"1.Resting",46346,"2016-08-09 16:14:20",0.71,0.034,0.323,1.063,"sitting","Resting","land","land","",2016-08-09 16:14:20
1,"1.sitting",1,"1.Resting",46347,"2016-08-09 16:14:20",0.71,0.055,0.336,0.98,"sitting","Resting","land","land","",2016-08-09 16:14:20
1,"1.sitting",1,"1.Resting",46348,"2016-08-09 16:14:20",0.71,0.105,0.344,0.964,"sitting","Resting","land","land","",2016-08-09 16:14:20
1,"1.sitting",1,"1.Resting",46349,"2016-08-09 16:14:20",0.75,0.119,0.347,1.007,"sitting","Resting","land","land","",2016-08-09 16:14:20
1,"1.sitting",1,"1.Resting",46350,"2016-08-09 16:14:20",0.71,0.099,0.361,1.112,"sitting","Resting","land","land","",2016-08-09 16:14:20
1,"1.sitting",1,"1.Resting",46351,"2016-08-09 16:14:20",0.71,0.103,0.331,0.987,"sitting","Resting","land","land","",2016-08-09 16:14:20
1,"1.sitting",1,"1.Resting",46352,"2016-08-09 16:14:20",0.71,0.121,0.336,0.961,"sitting","Resting","land","land","",2016-08-09 16:14:20
1,"1.sitting",1,"1.Resting",46353,"2016-08-09 16:14:20",0.71,0.1,0.265,0.982,"sitting","Resting","land","land","",2016-08-09 16:14:20
1,"1.sitting",1,"1.Resting",46354,"2016-08-09 16:14:21",0.75,0.142,0.249,0.933,"sitting","Resting","land","land","",2016-08-09 16:14:21
1,"1.sitting",1,"1.Resting",46355,"2016-08-09 16:14:21",0.75,0.157,0.251,0.87,"sitting","Resting","land","land","",2016-08-09 16:14:21
1,"1.sitting",1,"1.Resting",46356,"2016-08-09 16:14:21",0.71,0.137,0.257,0.884,"sitting","Resting","land","land","",2016-08-09 16:14:21
1,"1.sitting",1,"1.Resting",46357,"2016-08-09 16:14:21",0.71,0.072,0.278,1.032,"sitting","Resting","land","land","",2016-08-09 16:14:21
1,"1.sitting",1,"1.Resting",46358,"2016-08-09 16:14:21",0.71,0.082,0.278,1.009,"sitting","Resting","land","land","",2016-08-09 16:14:21
1,"1.sitting",1,"1.Resting",46359,"2016-08-09 16:14:21",0.71,0.117,0.254,0.926,"sitting","Resting","land","land","",2016-08-09 16:14:21
1,"1.sitting",1,"1.Resting",46360,"2016-08-09 16:14:21",0.75,0.095,0.307,0.922,"sitting","Resting","land","land","",2016-08-09 16:14:21
1,"1.sitting",1,"1.Resting",46361,"2016-08-09 16:14:21",0.71,0.099,0.354,1.018,"sitting","Resting","land","land","",2016-08-09 16:14:21
1,"1.sitting",1,"1.Resting",46362,"2016-08-09 16:14:21",0.71,0.098,0.315,0.974,"sitting","Resting","land","land","",2016-08-09 16:14:21
1,"1.sitting",1,"1.Resting",46363,"2016-08-09 16:14:21",0.75,0.159,0.283,0.918,"sitting","Resting","land","land","",2016-08-09 16:14:21
1,"1.sitting",1,"1.Resting",46364,"2016-08-09 16:14:21",0.75,0.146,0.236,0.967,"sitting","Resting","land","land","",2016-08-09 16:14:21
1,"1.sitting",1,"1.Resting",46365,"2016-08-09 16:14:21",0.71,0.133,0.268,1.034,"sitting","Resting","land","land","",2016-08-09 16:14:21
1,"1.sitting",1,"1.Resting",46366,"2016-08-09 16:14:21",0.75,0.095,0.281,1.038,"sitting","Resting","land","land","",2016-08-09 16:14:21
1,"1.sitting",1,"1.Resting",46367,"2016-08-09 16:14:21",0.75,0.083,0.37,1.014,"sitting","Resting","land","land","",2016-08-09 16:14:21
1,"1.sitting",1,"1.Resting",46368,"2016-08-09 16:14:21",0.75,0.115,0.409,1.042,"sitting","Resting","land","land","",2016-08-09 16:14:21
1,"1.sitting",1,"1.Resting",46369,"2016-08-09 16:14:21",0.71,0.106,0.377,1.064,"sitting","Resting","land","land","",2016-08-09 16:14:21
1,"1.sitting",1,"1.Resting",46370,"2016-08-09 16:14:21",0.71,0.113,0.336,0.978,"sitting","Resting","land","land","",2016-08-09 16:14:21
1,"1.sitting",1,"1.Resting",46371,"2016-08-09 16:14:21",0.75,0.144,0.298,0.993,"sitting","Resting","land","land","",2016-08-09 16:14:21
1,"1.sitting",1,"1.Resting",46372,"2016-08-09 16:14:21",0.71,0.12,0.278,0.995,"sitting","Resting","land","land","",2016-08-09 16:14:21
1,"1.sitting",1,"1.Resting",46373,"2016-08-09 16:14:21",0.75,0.137,0.27,0.96,"sitting","Resting","land","land","",2016-08-09 16:14:21
1,"1.sitting",1,"1.Resting",46374,"2016-08-09 16:14:22",0.75,0.182,0.232,0.869,"sitting","Resting","land","land","",2016-08-09 16:14:22
1,"1.sitting",1,"1.Resting",46375,"2016-08-09 16:14:22",0.75,0.155,0.253,0.952,"sitting","Resting","land","land","",2016-08-09 16:14:22
1,"1.sitting",1,"1.Resting",46376,"2016-08-09 16:14:22",0.75,0.12,0.248,0.894,"sitting","Resting","land","land","",2016-08-09 16:14:22
1,"1.sitting",1,"1.Resting",46377,"2016-08-09 16:14:22",0.75,0.118,0.287,0.946,"sitting","Resting","land","land","",2016-08-09 16:14:22
1,"1.sitting",1,"1.Resting",46378,"2016-08-09 16:14:22",0.71,0.134,0.3,0.966,"sitting","Resting","land","land","",2016-08-09 16:14:22
1,"1.sitting",1,"1.Resting",46379,"2016-08-09 16:14:22",0.71,0.144,0.287,0.978,"sitting","Resting","land","land","",2016-08-09 16:14:22
1,"1.sitting",1,"1.Resting",46380,"2016-08-09 16:14:22",0.75,0.148,0.294,0.967,"sitting","Resting","land","land","",2016-08-09 16:14:22
1,"1.sitting",1,"1.Resting",46381,"2016-08-09 16:14:22",0.71,0.123,0.316,0.967,"sitting","Resting","land","land","",2016-08-09 16:14:22
1,"1.sitting",1,"1.Resting",46382,"2016-08-09 16:14:22",0.75,0.113,0.348,1.013,"sitting","Resting","land","land","",2016-08-09 16:14:22
1,"1.sitting",1,"1.Resting",46383,"2016-08-09 16:14:22",0.75,0.084,0.345,0.937,"sitting","Resting","land","land","",2016-08-09 16:14:22
1,"1.sitting",1,"1.Resting",46384,"2016-08-09 16:14:22",0.75,0.101,0.324,0.99,"sitting","Resting","land","land","",2016-08-09 16:14:22
1,"1.sitting",1,"1.Resting",46385,"2016-08-09 16:14:22",0.75,0.109,0.298,1.001,"sitting","Resting","land","land","",2016-08-09 16:14:22
1,"1.sitting",1,"1.Resting",46386,"2016-08-09 16:14:22",0.75,0.129,0.263,0.928,"sitting","Resting","land","land","",2016-08-09 16:14:22
1,"1.sitting",1,"1.Resting",46387,"2016-08-09 16:14:22",0.75,0.152,0.279,0.933,"sitting","Resting","land","land","",2016-08-09 16:14:22
1,"1.sitting",1,"1.Resting",46388,"2016-08-09 16:14:22",0.75,0.121,0.279,0.937,"sitting","Resting","land","land","",2016-08-09 16:14:22
1,"1.sitting",1,"1.Resting",46389,"2016-08-09 16:14:22",0.75,0.096,0.289,0.972,"sitting","Resting","land","land","",2016-08-09 16:14:22
1,"1.sitting",1,"1.Resting",46390,"2016-08-09 16:14:22",0.75,0.099,0.312,1.009,"sitting","Resting","land","land","",2016-08-09 16:14:22
1,"1.sitting",1,"1.Resting",46391,"2016-08-09 16:14:22",0.75,0.12,0.33,0.959,"sitting","Resting","land","land","",2016-08-09 16:14:22
1,"1.sitting",1,"1.Resting",46392,"2016-08-09 16:14:22",0.75,0.133,0.295,0.968,"sitting","Resting","land","land","",2016-08-09 16:14:22
1,"1.sitting",1,"1.Resting",46393,"2016-08-09 16:14:22",0.75,0.126,0.263,0.977,"sitting","Resting","land","land","",2016-08-09 16:14:22
1,"1.sitting",1,"1.Resting",46394,"2016-08-09 16:14:23",0.75,0.133,0.27,0.948,"sitting","Resting","land","land","",2016-08-09 16:14:23
1,"1.sitting",1,"1.Resting",46395,"2016-08-09 16:14:23",0.75,0.165,0.286,0.904,"sitting","Resting","land","land","",2016-08-09 16:14:23
1,"1.sitting",1,"1.Resting",46396,"2016-08-09 16:14:23",0.75,0.14,0.294,0.94,"sitting","Resting","land","land","",2016-08-09 16:14:23
1,"1.sitting",1,"1.Resting",46397,"2016-08-09 16:14:23",0.75,0.103,0.315,0.977,"sitting","Resting","land","land","",2016-08-09 16:14:23
1,"1.sitting",1,"1.Resting",46398,"2016-08-09 16:14:23",0.75,0.081,0.293,0.956,"sitting","Resting","land","land","",2016-08-09 16:14:23
1,"1.sitting",1,"1.Resting",46399,"2016-08-09 16:14:23",0.75,0.071,0.283,0.983,"sitting","Resting","land","land","",2016-08-09 16:14:23
1,"1.sitting",1,"1.Resting",46400,"2016-08-09 16:14:23",0.75,0.066,0.289,1.028,"sitting","Resting","land","land","",2016-08-09 16:14:23
1,"1.sitting",1,"1.Resting",46401,"2016-08-09 16:14:23",0.75,0.061,0.309,1.001,"sitting","Resting","land","land","",2016-08-09 16:14:23
1,"1.sitting",1,"1.Resting",46402,"2016-08-09 16:14:23",0.75,0.1,0.335,0.947,"sitting","Resting","land","land","",2016-08-09 16:14:23
1,"1.sitting",1,"1.Resting",46403,"2016-08-09 16:14:23",0.75,0.126,0.344,0.942,"sitting","Resting","land","land","",2016-08-09 16:14:23
1,"1.sitting",1,"1.Resting",46404,"2016-08-09 16:14:23",0.75,0.106,0.334,1.007,"sitting","Resting","land","land","",2016-08-09 16:14:23
1,"1.sitting",1,"1.Resting",46405,"2016-08-09 16:14:23",0.75,0.09,0.303,1.008,"sitting","Resting","land","land","",2016-08-09 16:14:23
1,"1.sitting",1,"1.Resting",46406,"2016-08-09 16:14:23",0.75,0.099,0.287,0.971,"sitting","Resting","land","land","",2016-08-09 16:14:23
1,"1.sitting",1,"1.Resting",46407,"2016-08-09 16:14:23",0.75,0.083,0.283,0.962,"sitting","Resting","land","land","",2016-08-09 16:14:23
1,"1.sitting",1,"1.Resting",46408,"2016-08-09 16:14:23",0.75,0.079,0.274,0.968,"sitting","Resting","land","land","",2016-08-09 16:14:23
1,"1.sitting",1,"1.Resting",46409,"2016-08-09 16:14:23",0.75,0.079,0.263,0.919,"sitting","Resting","land","land","",2016-08-09 16:14:23
1,"1.sitting",1,"1.Resting",46410,"2016-08-09 16:14:23",0.75,0.112,0.267,0.885,"sitting","Resting","land","land","",2016-08-09 16:14:23
1,"1.sitting",1,"1.Resting",46411,"2016-08-09 16:14:23",0.75,0.118,0.294,0.904,"sitting","Resting","land","land","",2016-08-09 16:14:23
1,"1.sitting",1,"1.Resting",46412,"2016-08-09 16:14:23",0.75,0.116,0.316,0.903,"sitting","Resting","land","land","",2016-08-09 16:14:23
1,"1.sitting",1,"1.Resting",46413,"2016-08-09 16:14:23",0.75,0.109,0.306,0.899,"sitting","Resting","land","land","",2016-08-09 16:14:23
1,"1.sitting",1,"1.Resting",46414,"2016-08-09 16:14:24",0.75,0.092,0.297,0.912,"sitting","Resting","land","land","",2016-08-09 16:14:24
1,"1.sitting",1,"1.Resting",46415,"2016-08-09 16:14:24",0.75,0.103,0.295,0.923,"sitting","Resting","land","land","",2016-08-09 16:14:24
1,"1.sitting",1,"1.Resting",46416,"2016-08-09 16:14:24",0.75,0.111,0.299,0.935,"sitting","Resting","land","land","",2016-08-09 16:14:24
1,"1.sitting",1,"1.Resting",46417,"2016-08-09 16:14:24",0.75,0.103,0.292,0.942,"sitting","Resting","land","land","",2016-08-09 16:14:24
1,"1.sitting",1,"1.Resting",46418,"2016-08-09 16:14:24",0.75,0.101,0.285,0.937,"sitting","Resting","land","land","",2016-08-09 16:14:24
1,"1.sitting",1,"1.Resting",46419,"2016-08-09 16:14:24",0.75,0.107,0.296,0.925,"sitting","Resting","land","land","",2016-08-09 16:14:24
1,"1.sitting",1,"1.Resting",46420,"2016-08-09 16:14:24",0.75,0.123,0.323,0.913,"sitting","Resting","land","land","",2016-08-09 16:14:24
1,"1.sitting",1,"1.Resting",46421,"2016-08-09 16:14:24",0.75,0.13,0.335,0.894,"sitting","Resting","land","land","",2016-08-09 16:14:24
1,"1.sitting",1,"1.Resting",46422,"2016-08-09 16:14:24",0.75,0.127,0.329,0.908,"sitting","Resting","land","land","",2016-08-09 16:14:24
1,"1.sitting",1,"1.Resting",46423,"2016-08-09 16:14:24",0.75,0.116,0.327,0.929,"sitting","Resting","land","land","",2016-08-09 16:14:24
1,"1.sitting",1,"1.Resting",46424,"2016-08-09 16:14:24",0.75,0.121,0.319,0.902,"sitting","Resting","land","land","",2016-08-09 16:14:24
1,"1.sitting",1,"1.Resting",46425,"2016-08-09 16:14:24",0.75,0.121,0.317,0.876,"sitting","Resting","land","land","",2016-08-09 16:14:24
1,"1.sitting",1,"1.Resting",46426,"2016-08-09 16:14:24",0.75,0.118,0.313,0.869,"sitting","Resting","land","land","",2016-08-09 16:14:24
1,"1.sitting",1,"1.Resting",46427,"2016-08-09 16:14:24",0.75,0.104,0.318,0.861,"sitting","Resting","land","land","",2016-08-09 16:14:24
1,"1.sitting",1,"1.Resting",46428,"2016-08-09 16:14:24",0.75,0.088,0.327,0.857,"sitting","Resting","land","land","",2016-08-09 16:14:24
1,"1.sitting",1,"1.Resting",46429,"2016-08-09 16:14:24",0.75,0.086,0.317,0.854,"sitting","Resting","land","land","",2016-08-09 16:14:24
1,"1.sitting",1,"1.Resting",46430,"2016-08-09 16:14:24",0.75,0.081,0.309,0.868,"sitting","Resting","land","land","",2016-08-09 16:14:24
1,"1.sitting",1,"1.Resting",46431,"2016-08-09 16:14:24",0.75,0.064,0.316,0.887,"sitting","Resting","land","land","",2016-08-09 16:14:24
1,"1.sitting",1,"1.Resting",46432,"2016-08-09 16:14:24",0.75,0.046,0.329,0.895,"sitting","Resting","land","land","",2016-08-09 16:14:24
1,"1.sitting",1,"1.Resting",46433,"2016-08-09 16:14:24",0.75,0.035,0.336,0.905,"sitting","Resting","land","land","",2016-08-09 16:14:24
1,"1.sitting",1,"1.Resting",46434,"2016-08-09 16:14:25",0.75,0.021,0.336,0.91,"sitting","Resting","land","land","",2016-08-09 16:14:25
1,"1.sitting",1,"1.Resting",46435,"2016-08-09 16:14:25",0.75,0.021,0.345,0.927,"sitting","Resting","land","land","",2016-08-09 16:14:25
1,"1.sitting",1,"1.Resting",46436,"2016-08-09 16:14:25",0.75,0.018,0.35,0.95,"sitting","Resting","land","land","",2016-08-09 16:14:25
1,"1.sitting",1,"1.Resting",46437,"2016-08-09 16:14:25",0.75,0.014,0.342,0.96,"sitting","Resting","land","land","",2016-08-09 16:14:25
1,"1.sitting",1,"1.Resting",46438,"2016-08-09 16:14:25",0.75,0.007,0.341,0.957,"sitting","Resting","land","land","",2016-08-09 16:14:25
1,"1.sitting",1,"1.Resting",46439,"2016-08-09 16:14:25",0.75,0.007,0.341,0.965,"sitting","Resting","land","land","",2016-08-09 16:14:25
1,"1.sitting",1,"1.Resting",46440,"2016-08-09 16:14:25",0.75,0.005,0.346,0.969,"sitting","Resting","land","land","",2016-08-09 16:14:25
1,"1.sitting",1,"1.Resting",46441,"2016-08-09 16:14:25",0.75,0.003,0.347,0.966,"sitting","Resting","land","land","",2016-08-09 16:14:25
1,"1.sitting",1,"1.Resting",46442,"2016-08-09 16:14:25",0.75,0.001,0.346,0.962,"sitting","Resting","land","land","",2016-08-09 16:14:25
1,"1.sitting",1,"1.Resting",46443,"2016-08-09 16:14:25",0.75,-0.01,0.35,0.971,"sitting","Resting","land","land","",2016-08-09 16:14:25
1,"1.sitting",1,"1.Resting",46444,"2016-08-09 16:14:25",0.75,-0.027,0.36,0.986,"sitting","Resting","land","land","",2016-08-09 16:14:25
1,"1.sitting",1,"1.Resting",46445,"2016-08-09 16:14:25",0.75,-0.044,0.37,0.994,"sitting","Resting","land","land","",2016-08-09 16:14:25
1,"1.sitting",1,"1.Resting",46446,"2016-08-09 16:14:25",0.75,-0.053,0.39,0.999,"sitting","Resting","land","land","",2016-08-09 16:14:25
1,"1.sitting",1,"1.Resting",46447,"2016-08-09 16:14:25",0.75,-0.048,0.402,0.998,"sitting","Resting","land","land","",2016-08-09 16:14:25
1,"1.sitting",1,"1.Resting",46448,"2016-08-09 16:14:25",0.75,-0.025,0.403,0.982,"sitting","Resting","land","land","",2016-08-09 16:14:25
1,"1.sitting",1,"1.Resting",46449,"2016-08-09 16:14:25",0.75,-0.015,0.382,0.934,"sitting","Resting","land","land","",2016-08-09 16:14:25
1,"1.sitting",1,"1.Resting",46450,"2016-08-09 16:14:25",0.75,-0.033,0.377,0.889,"sitting","Resting","land","land","",2016-08-09 16:14:25
1,"1.sitting",1,"1.Resting",46451,"2016-08-09 16:14:25",0.75,-0.044,0.37,0.866,"sitting","Resting","land","land","",2016-08-09 16:14:25
1,"1.sitting",1,"1.Resting",46452,"2016-08-09 16:14:25",0.75,-0.051,0.37,0.858,"sitting","Resting","land","land","",2016-08-09 16:14:25
1,"1.sitting",1,"1.Resting",46453,"2016-08-09 16:14:25",0.75,-0.07,0.388,0.895,"sitting","Resting","land","land","",2016-08-09 16:14:25
1,"1.sitting",1,"1.Resting",46454,"2016-08-09 16:14:26",0.75,-0.094,0.425,0.935,"sitting","Resting","land","land","",2016-08-09 16:14:26
1,"1.sitting",1,"1.Resting",46455,"2016-08-09 16:14:26",0.75,-0.109,0.453,0.96,"sitting","Resting","land","land","",2016-08-09 16:14:26
1,"1.sitting",1,"1.Resting",46456,"2016-08-09 16:14:26",0.75,-0.106,0.455,0.957,"sitting","Resting","land","land","",2016-08-09 16:14:26
1,"1.sitting",1,"1.Resting",46457,"2016-08-09 16:14:26",0.75,-0.08,0.438,0.936,"sitting","Resting","land","land","",2016-08-09 16:14:26
1,"1.sitting",1,"1.Resting",46458,"2016-08-09 16:14:26",0.75,-0.06,0.411,0.906,"sitting","Resting","land","land","",2016-08-09 16:14:26
1,"1.sitting",1,"1.Resting",46459,"2016-08-09 16:14:26",0.75,-0.045,0.385,0.863,"sitting","Resting","land","land","",2016-08-09 16:14:26
1,"1.sitting",1,"1.Resting",46460,"2016-08-09 16:14:26",0.75,-0.045,0.371,0.84,"sitting","Resting","land","land","",2016-08-09 16:14:26
1,"1.sitting",1,"1.Resting",46461,"2016-08-09 16:14:26",0.75,-0.046,0.367,0.84,"sitting","Resting","land","land","",2016-08-09 16:14:26
1,"1.sitting",1,"1.Resting",46462,"2016-08-09 16:14:26",0.75,-0.054,0.364,0.839,"sitting","Resting","land","land","",2016-08-09 16:14:26
1,"1.sitting",1,"1.Resting",46463,"2016-08-09 16:14:26",0.75,-0.06,0.366,0.84,"sitting","Resting","land","land","",2016-08-09 16:14:26
1,"1.sitting",1,"1.Resting",46464,"2016-08-09 16:14:26",0.75,-0.064,0.373,0.841,"sitting","Resting","land","land","",2016-08-09 16:14:26
1,"1.sitting",1,"1.Resting",46465,"2016-08-09 16:14:26",0.75,-0.065,0.388,0.861,"sitting","Resting","land","land","",2016-08-09 16:14:26
1,"1.sitting",1,"1.Resting",46466,"2016-08-09 16:14:26",0.75,-0.072,0.398,0.882,"sitting","Resting","land","land","",2016-08-09 16:14:26
1,"1.sitting",1,"1.Resting",46467,"2016-08-09 16:14:26",0.75,-0.075,0.412,0.891,"sitting","Resting","land","land","",2016-08-09 16:14:26
1,"1.sitting",1,"1.Resting",46468,"2016-08-09 16:14:26",0.75,-0.078,0.415,0.904,"sitting","Resting","land","land","",2016-08-09 16:14:26
1,"1.sitting",1,"1.Resting",46469,"2016-08-09 16:14:26",0.75,-0.082,0.424,0.932,"sitting","Resting","land","land","",2016-08-09 16:14:26
1,"1.sitting",1,"1.Resting",46470,"2016-08-09 16:14:26",0.75,-0.083,0.431,0.94,"sitting","Resting","land","land","",2016-08-09 16:14:26
1,"1.sitting",1,"1.Resting",46471,"2016-08-09 16:14:26",0.75,-0.09,0.437,0.949,"sitting","Resting","land","land","",2016-08-09 16:14:26
1,"1.sitting",1,"1.Resting",46472,"2016-08-09 16:14:26",0.75,-0.094,0.443,0.962,"sitting","Resting","land","land","",2016-08-09 16:14:26
1,"1.sitting",1,"1.Resting",46473,"2016-08-09 16:14:26",0.75,-0.094,0.443,0.961,"sitting","Resting","land","land","",2016-08-09 16:14:26
1,"1.sitting",1,"1.Resting",46474,"2016-08-09 16:14:27",0.75,-0.092,0.441,0.957,"sitting","Resting","land","land","",2016-08-09 16:14:27
1,"1.sitting",1,"1.Resting",46475,"2016-08-09 16:14:27",0.75,-0.098,0.443,0.965,"sitting","Resting","land","land","",2016-08-09 16:14:27
1,"1.sitting",1,"1.Resting",46476,"2016-08-09 16:14:27",0.75,-0.103,0.451,0.974,"sitting","Resting","land","land","",2016-08-09 16:14:27
1,"1.sitting",1,"1.Resting",46477,"2016-08-09 16:14:27",0.75,-0.125,0.465,0.979,"sitting","Resting","land","land","",2016-08-09 16:14:27
1,"1.sitting",1,"1.Resting",46478,"2016-08-09 16:14:27",0.75,-0.13,0.468,0.976,"sitting","Resting","land","land","",2016-08-09 16:14:27
1,"1.sitting",1,"1.Resting",46479,"2016-08-09 16:14:27",0.75,-0.134,0.476,0.958,"sitting","Resting","land","land","",2016-08-09 16:14:27
1,"1.sitting",1,"1.Resting",46480,"2016-08-09 16:14:27",0.75,-0.12,0.47,0.944,"sitting","Resting","land","land","",2016-08-09 16:14:27
1,"1.sitting",1,"1.Resting",46481,"2016-08-09 16:14:27",0.75,-0.1,0.454,0.918,"sitting","Resting","land","land","",2016-08-09 16:14:27
1,"1.sitting",1,"1.Resting",46482,"2016-08-09 16:14:27",0.75,-0.071,0.416,0.881,"sitting","Resting","land","land","",2016-08-09 16:14:27
1,"1.sitting",1,"1.Resting",46483,"2016-08-09 16:14:27",0.75,-0.068,0.384,0.855,"sitting","Resting","land","land","",2016-08-09 16:14:27
1,"1.sitting",1,"1.Resting",46484,"2016-08-09 16:14:27",0.75,-0.088,0.387,0.852,"sitting","Resting","land","land","",2016-08-09 16:14:27
1,"1.sitting",1,"1.Resting",46485,"2016-08-09 16:14:27",0.75,-0.115,0.418,0.887,"sitting","Resting","land","land","",2016-08-09 16:14:27
1,"1.sitting",1,"1.Resting",46486,"2016-08-09 16:14:27",0.75,-0.135,0.452,0.935,"sitting","Resting","land","land","",2016-08-09 16:14:27
1,"1.sitting",1,"1.Resting",46487,"2016-08-09 16:14:27",0.75,-0.124,0.468,0.947,"sitting","Resting","land","land","",2016-08-09 16:14:27
1,"1.sitting",1,"1.Resting",46488,"2016-08-09 16:14:27",0.75,-0.102,0.456,0.921,"sitting","Resting","land","land","",2016-08-09 16:14:27
1,"1.sitting",1,"1.Resting",46489,"2016-08-09 16:14:27",0.75,-0.076,0.428,0.897,"sitting","Resting","land","land","",2016-08-09 16:14:27
1,"1.sitting",1,"1.Resting",46490,"2016-08-09 16:14:27",0.75,-0.059,0.398,0.86,"sitting","Resting","land","land","",2016-08-09 16:14:27
1,"1.sitting",1,"1.Resting",46491,"2016-08-09 16:14:27",0.75,-0.053,0.381,0.831,"sitting","Resting","land","land","",2016-08-09 16:14:27
1,"1.sitting",1,"1.Resting",46492,"2016-08-09 16:14:27",0.75,-0.058,0.376,0.828,"sitting","Resting","land","land","",2016-08-09 16:14:27
1,"1.sitting",1,"1.Resting",46493,"2016-08-09 16:14:27",0.75,-0.07,0.381,0.832,"sitting","Resting","land","land","",2016-08-09 16:14:27
1,"1.sitting",1,"1.Resting",46494,"2016-08-09 16:14:28",0.75,-0.075,0.388,0.845,"sitting","Resting","land","land","",2016-08-09 16:14:28
1,"1.sitting",1,"1.Resting",46495,"2016-08-09 16:14:28",0.75,-0.076,0.394,0.854,"sitting","Resting","land","land","",2016-08-09 16:14:28
1,"1.sitting",1,"1.Resting",46496,"2016-08-09 16:14:28",0.75,-0.076,0.395,0.862,"sitting","Resting","land","land","",2016-08-09 16:14:28
1,"1.sitting",1,"1.Resting",46497,"2016-08-09 16:14:28",0.75,-0.077,0.399,0.875,"sitting","Resting","land","land","",2016-08-09 16:14:28
1,"1.sitting",1,"1.Resting",46498,"2016-08-09 16:14:28",0.75,-0.077,0.402,0.877,"sitting","Resting","land","land","",2016-08-09 16:14:28
1,"1.sitting",1,"1.Resting",46499,"2016-08-09 16:14:28",0.75,-0.076,0.399,0.868,"sitting","Resting","land","land","",2016-08-09 16:14:28
1,"1.sitting",1,"1.Resting",46500,"2016-08-09 16:14:28",0.75,-0.074,0.393,0.867,"sitting","Resting","land","land","",2016-08-09 16:14:28
1,"1.sitting",1,"1.Resting",46501,"2016-08-09 16:14:28",0.75,-0.076,0.392,0.874,"sitting","Resting","land","land","",2016-08-09 16:14:28
1,"1.sitting",1,"1.Resting",46502,"2016-08-09 16:14:28",0.75,-0.077,0.393,0.873,"sitting","Resting","land","land","",2016-08-09 16:14:28
1,"1.sitting",1,"1.Resting",46503,"2016-08-09 16:14:28",0.75,-0.079,0.388,0.866,"sitting","Resting","land","land","",2016-08-09 16:14:28
1,"1.sitting",1,"1.Resting",46504,"2016-08-09 16:14:28",0.75,-0.085,0.387,0.865,"sitting","Resting","land","land","",2016-08-09 16:14:28
1,"1.sitting",1,"1.Resting",46505,"2016-08-09 16:14:28",0.75,-0.082,0.392,0.868,"sitting","Resting","land","land","",2016-08-09 16:14:28
1,"1.sitting",1,"1.Resting",46506,"2016-08-09 16:14:28",0.75,-0.082,0.391,0.868,"sitting","Resting","land","land","",2016-08-09 16:14:28
1,"1.sitting",1,"1.Resting",46507,"2016-08-09 16:14:28",0.75,-0.092,0.395,0.875,"sitting","Resting","land","land","",2016-08-09 16:14:28
1,"1.sitting",1,"1.Resting",46508,"2016-08-09 16:14:28",0.75,-0.101,0.405,0.899,"sitting","Resting","land","land","",2016-08-09 16:14:28
1,"1.sitting",1,"1.Resting",46509,"2016-08-09 16:14:28",0.75,-0.122,0.419,0.929,"sitting","Resting","land","land","",2016-08-09 16:14:28
1,"1.sitting",1,"1.Resting",46510,"2016-08-09 16:14:28",0.75,-0.137,0.438,0.954,"sitting","Resting","land","land","",2016-08-09 16:14:28
1,"1.sitting",1,"1.Resting",46511,"2016-08-09 16:14:28",0.75,-0.141,0.45,0.965,"sitting","Resting","land","land","",2016-08-09 16:14:28
1,"1.sitting",1,"1.Resting",46512,"2016-08-09 16:14:28",0.75,-0.125,0.46,0.961,"sitting","Resting","land","land","",2016-08-09 16:14:28
1,"1.sitting",1,"1.Resting",46513,"2016-08-09 16:14:28",0.75,-0.104,0.453,0.937,"sitting","Resting","land","land","",2016-08-09 16:14:28
1,"1.sitting",1,"1.Resting",46514,"2016-08-09 16:14:29",0.75,-0.071,0.429,0.9,"sitting","Resting","land","land","",2016-08-09 16:14:29
1,"1.sitting",1,"1.Resting",46515,"2016-08-09 16:14:29",0.75,-0.049,0.397,0.86,"sitting","Resting","land","land","",2016-08-09 16:14:29
1,"1.sitting",1,"1.Resting",46516,"2016-08-09 16:14:29",0.75,-0.045,0.375,0.833,"sitting","Resting","land","land","",2016-08-09 16:14:29
1,"1.sitting",1,"1.Resting",46517,"2016-08-09 16:14:29",0.75,-0.051,0.363,0.826,"sitting","Resting","land","land","",2016-08-09 16:14:29
1,"1.sitting",1,"1.Resting",46518,"2016-08-09 16:14:29",0.75,-0.069,0.365,0.84,"sitting","Resting","land","land","",2016-08-09 16:14:29
1,"1.sitting",1,"1.Resting",46519,"2016-08-09 16:14:29",0.75,-0.083,0.387,0.868,"sitting","Resting","land","land","",2016-08-09 16:14:29
1,"1.sitting",1,"1.Resting",46520,"2016-08-09 16:14:29",0.75,-0.104,0.417,0.898,"sitting","Resting","land","land","",2016-08-09 16:14:29
1,"1.sitting",1,"1.Resting",46521,"2016-08-09 16:14:29",0.75,-0.129,0.447,0.938,"sitting","Resting","land","land","",2016-08-09 16:14:29
1,"1.sitting",1,"1.Resting",46522,"2016-08-09 16:14:29",0.75,-0.141,0.474,0.968,"sitting","Resting","land","land","",2016-08-09 16:14:29
1,"1.sitting",1,"1.Resting",46523,"2016-08-09 16:14:29",0.75,-0.134,0.486,0.96,"sitting","Resting","land","land","",2016-08-09 16:14:29
1,"1.sitting",1,"1.Resting",46524,"2016-08-09 16:14:29",0.75,-0.091,0.472,0.925,"sitting","Resting","land","land","",2016-08-09 16:14:29
1,"1.sitting",1,"1.Resting",46525,"2016-08-09 16:14:29",0.75,-0.052,0.429,0.879,"sitting","Resting","land","land","",2016-08-09 16:14:29
1,"1.sitting",1,"1.Resting",46526,"2016-08-09 16:14:29",0.75,-0.087,0.417,0.875,"sitting","Resting","land","land","",2016-08-09 16:14:29
1,"1.sitting",1,"1.Resting",46527,"2016-08-09 16:14:29",0.75,-0.106,0.438,0.894,"sitting","Resting","land","land","",2016-08-09 16:14:29
1,"1.sitting",1,"1.Resting",46528,"2016-08-09 16:14:29",0.75,-0.109,0.428,0.878,"sitting","Resting","land","land","",2016-08-09 16:14:29
1,"1.sitting",1,"1.Resting",46529,"2016-08-09 16:14:29",0.75,-0.137,0.442,0.892,"sitting","Resting","land","land","",2016-08-09 16:14:29
1,"1.sitting",1,"1.Resting",46530,"2016-08-09 16:14:29",0.75,-0.125,0.441,0.883,"sitting","Resting","land","land","",2016-08-09 16:14:29
1,"1.sitting",1,"1.Resting",46531,"2016-08-09 16:14:29",0.75,-0.128,0.432,0.882,"sitting","Resting","land","land","",2016-08-09 16:14:29
1,"1.sitting",1,"1.Resting",46532,"2016-08-09 16:14:29",0.75,-0.143,0.436,0.877,"sitting","Resting","land","land","",2016-08-09 16:14:29
1,"1.sitting",1,"1.Resting",46533,"2016-08-09 16:14:29",0.75,-0.132,0.441,0.876,"sitting","Resting","land","land","",2016-08-09 16:14:29
1,"1.sitting",1,"1.Resting",46534,"2016-08-09 16:14:30",0.75,-0.142,0.441,0.881,"sitting","Resting","land","land","",2016-08-09 16:14:30
1,"1.sitting",1,"1.Resting",46535,"2016-08-09 16:14:30",0.75,-0.15,0.456,0.891,"sitting","Resting","land","land","",2016-08-09 16:14:30
1,"1.sitting",1,"1.Resting",46536,"2016-08-09 16:14:30",0.75,-0.144,0.452,0.871,"sitting","Resting","land","land","",2016-08-09 16:14:30
1,"1.sitting",1,"1.Resting",46537,"2016-08-09 16:14:30",0.75,-0.137,0.448,0.865,"sitting","Resting","land","land","",2016-08-09 16:14:30
1,"1.sitting",1,"1.Resting",46538,"2016-08-09 16:14:30",0.75,-0.142,0.451,0.872,"sitting","Resting","land","land","",2016-08-09 16:14:30
1,"1.sitting",1,"1.Resting",46539,"2016-08-09 16:14:30",0.75,-0.149,0.453,0.883,"sitting","Resting","land","land","",2016-08-09 16:14:30
1,"1.sitting",1,"1.Resting",46540,"2016-08-09 16:14:30",0.75,-0.144,0.449,0.88,"sitting","Resting","land","land","",2016-08-09 16:14:30
1,"1.sitting",1,"1.Resting",46541,"2016-08-09 16:14:30",0.75,-0.134,0.456,0.873,"sitting","Resting","land","land","",2016-08-09 16:14:30
1,"1.sitting",1,"1.Resting",46542,"2016-08-09 16:14:30",0.75,-0.138,0.449,0.862,"sitting","Resting","land","land","",2016-08-09 16:14:30
1,"1.sitting",1,"1.Resting",46543,"2016-08-09 16:14:30",0.75,-0.139,0.437,0.854,"sitting","Resting","land","land","",2016-08-09 16:14:30
1,"1.sitting",1,"1.Resting",46544,"2016-08-09 16:14:30",0.75,-0.145,0.446,0.874,"sitting","Resting","land","land","",2016-08-09 16:14:30
1,"1.sitting",1,"1.Resting",46545,"2016-08-09 16:14:30",0.75,-0.142,0.457,0.892,"sitting","Resting","land","land","",2016-08-09 16:14:30
1,"1.sitting",1,"1.Resting",46546,"2016-08-09 16:14:30",0.75,-0.14,0.455,0.892,"sitting","Resting","land","land","",2016-08-09 16:14:30
1,"1.sitting",1,"1.Resting",46547,"2016-08-09 16:14:30",0.75,-0.144,0.446,0.894,"sitting","Resting","land","land","",2016-08-09 16:14:30
1,"1.sitting",1,"1.Resting",46548,"2016-08-09 16:14:30",0.75,-0.141,0.44,0.892,"sitting","Resting","land","land","",2016-08-09 16:14:30
1,"1.sitting",1,"1.Resting",46549,"2016-08-09 16:14:30",0.71,-0.137,0.434,0.893,"sitting","Resting","land","land","",2016-08-09 16:14:30
1,"1.sitting",1,"1.Resting",46550,"2016-08-09 16:14:30",0.75,-0.124,0.433,0.89,"sitting","Resting","land","land","",2016-08-09 16:14:30
1,"1.sitting",1,"1.Resting",46551,"2016-08-09 16:14:30",0.75,-0.138,0.432,0.896,"sitting","Resting","land","land","",2016-08-09 16:14:30
1,"1.sitting",1,"1.Resting",46552,"2016-08-09 16:14:30",0.75,-0.138,0.425,0.886,"sitting","Resting","land","land","",2016-08-09 16:14:30
1,"1.sitting",1,"1.Resting",46553,"2016-08-09 16:14:30",0.75,-0.143,0.422,0.872,"sitting","Resting","land","land","",2016-08-09 16:14:30
1,"1.sitting",1,"1.Resting",46554,"2016-08-09 16:14:31",0.75,-0.124,0.426,0.871,"sitting","Resting","land","land","",2016-08-09 16:14:31
1,"1.sitting",1,"1.Resting",46555,"2016-08-09 16:14:31",0.75,-0.116,0.432,0.878,"sitting","Resting","land","land","",2016-08-09 16:14:31
1,"1.sitting",1,"1.Resting",46556,"2016-08-09 16:14:31",0.75,-0.122,0.435,0.884,"sitting","Resting","land","land","",2016-08-09 16:14:31
1,"1.sitting",1,"1.Resting",46557,"2016-08-09 16:14:31",0.75,-0.126,0.43,0.883,"sitting","Resting","land","land","",2016-08-09 16:14:31
1,"1.sitting",1,"1.Resting",46558,"2016-08-09 16:14:31",0.75,-0.132,0.427,0.883,"sitting","Resting","land","land","",2016-08-09 16:14:31
1,"1.sitting",1,"1.Resting",46559,"2016-08-09 16:14:31",0.75,-0.127,0.423,0.893,"sitting","Resting","land","land","",2016-08-09 16:14:31
1,"1.sitting",1,"1.Resting",46560,"2016-08-09 16:14:31",0.75,-0.124,0.416,0.898,"sitting","Resting","land","land","",2016-08-09 16:14:31
1,"1.sitting",1,"1.Resting",46561,"2016-08-09 16:14:31",0.75,-0.119,0.403,0.875,"sitting","Resting","land","land","",2016-08-09 16:14:31
1,"1.sitting",1,"1.Resting",46562,"2016-08-09 16:14:31",0.75,-0.114,0.409,0.851,"sitting","Resting","land","land","",2016-08-09 16:14:31
1,"1.sitting",1,"1.Resting",46563,"2016-08-09 16:14:31",0.75,-0.114,0.429,0.863,"sitting","Resting","land","land","",2016-08-09 16:14:31
1,"1.sitting",1,"1.Resting",46564,"2016-08-09 16:14:31",0.75,-0.109,0.447,0.87,"sitting","Resting","land","land","",2016-08-09 16:14:31
1,"1.sitting",1,"1.Resting",46565,"2016-08-09 16:14:31",0.75,-0.11,0.445,0.875,"sitting","Resting","land","land","",2016-08-09 16:14:31
1,"1.sitting",1,"1.Resting",46566,"2016-08-09 16:14:31",0.75,-0.114,0.434,0.884,"sitting","Resting","land","land","",2016-08-09 16:14:31
1,"1.sitting",1,"1.Resting",46567,"2016-08-09 16:14:31",0.75,-0.124,0.431,0.899,"sitting","Resting","land","land","",2016-08-09 16:14:31
1,"1.sitting",1,"1.Resting",46568,"2016-08-09 16:14:31",0.75,-0.121,0.437,0.899,"sitting","Resting","land","land","",2016-08-09 16:14:31
1,"1.sitting",1,"1.Resting",46569,"2016-08-09 16:14:31",0.75,-0.11,0.435,0.894,"sitting","Resting","land","land","",2016-08-09 16:14:31
1,"1.sitting",1,"1.Resting",46570,"2016-08-09 16:14:31",0.75,-0.127,0.425,0.906,"sitting","Resting","land","land","",2016-08-09 16:14:31
1,"1.sitting",1,"1.Resting",46571,"2016-08-09 16:14:31",0.75,-0.14,0.402,0.913,"sitting","Resting","land","land","",2016-08-09 16:14:31
1,"1.sitting",1,"1.Resting",46572,"2016-08-09 16:14:31",0.75,-0.136,0.388,0.911,"sitting","Resting","land","land","",2016-08-09 16:14:31
1,"1.sitting",1,"1.Resting",46573,"2016-08-09 16:14:31",0.75,-0.133,0.393,0.899,"sitting","Resting","land","land","",2016-08-09 16:14:31
1,"1.sitting",1,"1.Resting",46574,"2016-08-09 16:14:32",0.75,-0.131,0.41,0.91,"sitting","Resting","land","land","",2016-08-09 16:14:32
1,"1.sitting",1,"1.Resting",46575,"2016-08-09 16:14:32",0.75,-0.111,0.435,0.916,"sitting","Resting","land","land","",2016-08-09 16:14:32
1,"1.sitting",1,"1.Resting",46576,"2016-08-09 16:14:32",0.75,-0.097,0.456,0.906,"sitting","Resting","land","land","",2016-08-09 16:14:32
1,"1.sitting",1,"1.Resting",46577,"2016-08-09 16:14:32",0.75,-0.102,0.435,0.904,"sitting","Resting","land","land","",2016-08-09 16:14:32
1,"1.sitting",1,"1.Resting",46578,"2016-08-09 16:14:32",0.75,-0.119,0.412,0.914,"sitting","Resting","land","land","",2016-08-09 16:14:32
1,"1.sitting",1,"1.Resting",46579,"2016-08-09 16:14:32",0.75,-0.116,0.385,0.909,"sitting","Resting","land","land","",2016-08-09 16:14:32
1,"1.sitting",1,"1.Resting",46580,"2016-08-09 16:14:32",0.75,-0.099,0.377,0.874,"sitting","Resting","land","land","",2016-08-09 16:14:32
1,"1.sitting",1,"1.Resting",46581,"2016-08-09 16:14:32",0.75,-0.098,0.393,0.891,"sitting","Resting","land","land","",2016-08-09 16:14:32
1,"1.sitting",1,"1.Resting",46582,"2016-08-09 16:14:32",0.75,-0.098,0.429,0.918,"sitting","Resting","land","land","",2016-08-09 16:14:32
1,"1.sitting",1,"1.Resting",46583,"2016-08-09 16:14:32",0.75,-0.098,0.439,0.878,"sitting","Resting","land","land","",2016-08-09 16:14:32
1,"1.sitting",1,"1.Resting",46584,"2016-08-09 16:14:32",0.75,-0.113,0.417,0.872,"sitting","Resting","land","land","",2016-08-09 16:14:32
1,"1.sitting",1,"1.Resting",46585,"2016-08-09 16:14:32",0.75,-0.122,0.387,0.895,"sitting","Resting","land","land","",2016-08-09 16:14:32
1,"1.sitting",1,"1.Resting",46586,"2016-08-09 16:14:32",0.75,-0.121,0.377,0.917,"sitting","Resting","land","land","",2016-08-09 16:14:32
1,"1.sitting",1,"1.Resting",46587,"2016-08-09 16:14:32",0.75,-0.116,0.382,0.913,"sitting","Resting","land","land","",2016-08-09 16:14:32
1,"1.sitting",1,"1.Resting",46588,"2016-08-09 16:14:32",0.75,-0.123,0.386,0.877,"sitting","Resting","land","land","",2016-08-09 16:14:32
1,"1.sitting",1,"1.Resting",46589,"2016-08-09 16:14:32",0.75,-0.154,0.392,0.849,"sitting","Resting","land","land","",2016-08-09 16:14:32
1,"1.sitting",1,"1.Resting",46590,"2016-08-09 16:14:32",0.75,-0.172,0.41,0.848,"sitting","Resting","land","land","",2016-08-09 16:14:32
1,"1.sitting",1,"1.Resting",46591,"2016-08-09 16:14:32",0.75,-0.157,0.438,0.816,"sitting","Resting","land","land","",2016-08-09 16:14:32
1,"1.sitting",1,"1.Resting",46592,"2016-08-09 16:14:32",0.75,-0.187,0.435,0.823,"sitting","Resting","land","land","",2016-08-09 16:14:32
1,"1.sitting",1,"1.Resting",46593,"2016-08-09 16:14:32",0.75,-0.211,0.461,0.894,"sitting","Resting","land","land","",2016-08-09 16:14:32
1,"1.sitting",1,"1.Resting",46594,"2016-08-09 16:14:33",0.75,-0.235,0.46,0.89,"sitting","Resting","land","land","",2016-08-09 16:14:33
1,"1.sitting",1,"1.Resting",46595,"2016-08-09 16:14:33",0.75,-0.222,0.475,0.855,"sitting","Resting","land","land","",2016-08-09 16:14:33
1,"1.sitting",1,"1.Resting",46596,"2016-08-09 16:14:33",0.75,-0.239,0.493,0.829,"sitting","Resting","land","land","",2016-08-09 16:14:33
1,"1.sitting",1,"1.Resting",46597,"2016-08-09 16:14:33",0.75,-0.256,0.478,0.869,"sitting","Resting","land","land","",2016-08-09 16:14:33
1,"1.sitting",1,"1.Resting",46598,"2016-08-09 16:14:33",0.75,-0.262,0.456,0.882,"sitting","Resting","land","land","",2016-08-09 16:14:33
1,"1.sitting",1,"1.Resting",46599,"2016-08-09 16:14:33",0.75,-0.254,0.468,0.914,"sitting","Resting","land","land","",2016-08-09 16:14:33
1,"1.sitting",1,"1.Resting",46600,"2016-08-09 16:14:33",0.71,-0.239,0.461,0.89,"sitting","Resting","land","land","",2016-08-09 16:14:33
1,"1.sitting",1,"1.Resting",46601,"2016-08-09 16:14:33",0.75,-0.247,0.438,0.835,"sitting","Resting","land","land","",2016-08-09 16:14:33
1,"1.sitting",1,"1.Resting",46602,"2016-08-09 16:14:33",0.75,-0.266,0.444,0.806,"sitting","Resting","land","land","",2016-08-09 16:14:33
1,"1.sitting",1,"1.Resting",46603,"2016-08-09 16:14:33",0.75,-0.246,0.447,0.76,"sitting","Resting","land","land","",2016-08-09 16:14:33
1,"1.sitting",1,"1.Resting",46604,"2016-08-09 16:14:33",0.75,-0.247,0.473,0.826,"sitting","Resting","land","land","",2016-08-09 16:14:33
1,"1.sitting",1,"1.Resting",46605,"2016-08-09 16:14:33",0.75,-0.26,0.437,0.834,"sitting","Resting","land","land","",2016-08-09 16:14:33
1,"1.sitting",1,"1.Resting",46606,"2016-08-09 16:14:33",0.75,-0.256,0.439,0.872,"sitting","Resting","land","land","",2016-08-09 16:14:33
1,"1.sitting",1,"1.Resting",46607,"2016-08-09 16:14:33",0.75,-0.226,0.467,0.884,"sitting","Resting","land","land","",2016-08-09 16:14:33
1,"1.sitting",1,"1.Resting",46608,"2016-08-09 16:14:33",0.75,-0.218,0.466,0.869,"sitting","Resting","land","land","",2016-08-09 16:14:33
1,"1.sitting",1,"1.Resting",46609,"2016-08-09 16:14:33",0.75,-0.24,0.486,0.95,"sitting","Resting","land","land","",2016-08-09 16:14:33
1,"1.sitting",1,"1.Resting",46610,"2016-08-09 16:14:33",0.75,-0.223,0.486,0.889,"sitting","Resting","land","land","",2016-08-09 16:14:33
1,"1.sitting",1,"1.Resting",46611,"2016-08-09 16:14:33",0.75,-0.239,0.47,0.876,"sitting","Resting","land","land","",2016-08-09 16:14:33
1,"1.sitting",1,"1.Resting",46612,"2016-08-09 16:14:33",0.75,-0.221,0.474,0.92,"sitting","Resting","land","land","",2016-08-09 16:14:33
1,"1.sitting",1,"1.Resting",46613,"2016-08-09 16:14:33",0.75,-0.246,0.444,0.928,"sitting","Resting","land","land","",2016-08-09 16:14:33
1,"1.sitting",1,"1.Resting",46614,"2016-08-09 16:14:34",0.75,-0.248,0.45,0.873,"sitting","Resting","land","land","",2016-08-09 16:14:34
1,"1.sitting",1,"1.Resting",46615,"2016-08-09 16:14:34",0.75,-0.257,0.469,0.895,"sitting","Resting","land","land","",2016-08-09 16:14:34
1,"1.sitting",1,"1.Resting",46616,"2016-08-09 16:14:34",0.75,-0.212,0.471,0.836,"sitting","Resting","land","land","",2016-08-09 16:14:34
1,"1.sitting",1,"1.Resting",46617,"2016-08-09 16:14:34",0.75,-0.214,0.449,0.86,"sitting","Resting","land","land","",2016-08-09 16:14:34
1,"1.sitting",1,"1.Resting",46618,"2016-08-09 16:14:34",0.75,-0.247,0.421,0.853,"sitting","Resting","land","land","",2016-08-09 16:14:34
1,"1.sitting",1,"1.Resting",46619,"2016-08-09 16:14:34",0.75,-0.267,0.44,0.925,"sitting","Resting","land","land","",2016-08-09 16:14:34
1,"1.sitting",1,"1.Resting",46620,"2016-08-09 16:14:34",0.75,-0.244,0.445,0.89,"sitting","Resting","land","land","",2016-08-09 16:14:34
1,"1.sitting",1,"1.Resting",46621,"2016-08-09 16:14:34",0.75,-0.221,0.418,0.878,"sitting","Resting","land","land","",2016-08-09 16:14:34
1,"1.sitting",1,"1.Resting",46622,"2016-08-09 16:14:34",0.75,-0.212,0.412,0.891,"sitting","Resting","land","land","",2016-08-09 16:14:34
1,"1.sitting",1,"1.Resting",46623,"2016-08-09 16:14:34",0.75,-0.201,0.426,0.893,"sitting","Resting","land","land","",2016-08-09 16:14:34
1,"1.sitting",1,"1.Resting",46624,"2016-08-09 16:14:34",0.75,-0.194,0.428,0.852,"sitting","Resting","land","land","",2016-08-09 16:14:34
1,"1.sitting",1,"1.Resting",46625,"2016-08-09 16:14:34",0.75,-0.187,0.418,0.851,"sitting","Resting","land","land","",2016-08-09 16:14:34
1,"1.sitting",1,"1.Resting",46626,"2016-08-09 16:14:34",0.75,-0.209,0.417,0.872,"sitting","Resting","land","land","",2016-08-09 16:14:34
1,"1.sitting",1,"1.Resting",46627,"2016-08-09 16:14:34",0.75,-0.202,0.426,0.878,"sitting","Resting","land","land","",2016-08-09 16:14:34
1,"1.sitting",1,"1.Resting",46628,"2016-08-09 16:14:34",0.75,-0.181,0.426,0.881,"sitting","Resting","land","land","",2016-08-09 16:14:34
1,"1.sitting",1,"1.Resting",46629,"2016-08-09 16:14:34",0.75,-0.179,0.42,0.879,"sitting","Resting","land","land","",2016-08-09 16:14:34
1,"1.sitting",1,"1.Resting",46630,"2016-08-09 16:14:34",0.75,-0.173,0.405,0.84,"sitting","Resting","land","land","",2016-08-09 16:14:34
1,"1.sitting",1,"1.Resting",46631,"2016-08-09 16:14:34",0.75,-0.18,0.398,0.82,"sitting","Resting","land","land","",2016-08-09 16:14:34
1,"1.sitting",1,"1.Resting",46632,"2016-08-09 16:14:34",0.75,-0.18,0.402,0.856,"sitting","Resting","land","land","",2016-08-09 16:14:34
1,"1.sitting",1,"1.Resting",46633,"2016-08-09 16:14:34",0.75,-0.167,0.393,0.879,"sitting","Resting","land","land","",2016-08-09 16:14:34
1,"1.sitting",1,"1.Resting",46634,"2016-08-09 16:14:35",0.75,-0.166,0.404,0.865,"sitting","Resting","land","land","",2016-08-09 16:14:35
1,"1.sitting",1,"1.Resting",46635,"2016-08-09 16:14:35",0.75,-0.148,0.401,0.866,"sitting","Resting","land","land","",2016-08-09 16:14:35
1,"1.sitting",1,"1.Resting",46636,"2016-08-09 16:14:35",0.75,-0.142,0.39,0.889,"sitting","Resting","land","land","",2016-08-09 16:14:35
1,"1.sitting",1,"1.Resting",46637,"2016-08-09 16:14:35",0.75,-0.127,0.394,0.937,"sitting","Resting","land","land","",2016-08-09 16:14:35
1,"1.sitting",1,"1.Resting",46638,"2016-08-09 16:14:35",0.75,-0.12,0.397,0.949,"sitting","Resting","land","land","",2016-08-09 16:14:35
1,"1.sitting",1,"1.Resting",46639,"2016-08-09 16:14:35",0.71,-0.137,0.396,0.915,"sitting","Resting","land","land","",2016-08-09 16:14:35
1,"1.sitting",1,"1.Resting",46640,"2016-08-09 16:14:35",0.75,-0.137,0.412,0.936,"sitting","Resting","land","land","",2016-08-09 16:14:35
1,"1.sitting",1,"1.Resting",46641,"2016-08-09 16:14:35",0.75,-0.113,0.409,0.939,"sitting","Resting","land","land","",2016-08-09 16:14:35
1,"1.sitting",1,"1.Resting",46642,"2016-08-09 16:14:35",0.75,-0.125,0.378,0.902,"sitting","Resting","land","land","",2016-08-09 16:14:35
1,"1.sitting",1,"1.Resting",46643,"2016-08-09 16:14:35",0.75,-0.154,0.404,0.919,"sitting","Resting","land","land","",2016-08-09 16:14:35
1,"1.sitting",1,"1.Resting",46644,"2016-08-09 16:14:35",0.75,-0.118,0.434,0.917,"sitting","Resting","land","land","",2016-08-09 16:14:35
1,"1.sitting",1,"1.Resting",46645,"2016-08-09 16:14:35",0.75,-0.127,0.425,0.846,"sitting","Resting","land","land","",2016-08-09 16:14:35
1,"1.sitting",1,"1.Resting",46646,"2016-08-09 16:14:35",0.75,-0.089,0.428,0.879,"sitting","Resting","land","land","",2016-08-09 16:14:35
1,"1.sitting",1,"1.Resting",46647,"2016-08-09 16:14:35",0.75,-0.09,0.421,0.933,"sitting","Resting","land","land","",2016-08-09 16:14:35
1,"1.sitting",1,"1.Resting",46648,"2016-08-09 16:14:35",0.75,-0.09,0.433,0.936,"sitting","Resting","land","land","",2016-08-09 16:14:35
1,"1.sitting",1,"1.Resting",46649,"2016-08-09 16:14:35",0.75,-0.114,0.443,0.979,"sitting","Resting","land","land","",2016-08-09 16:14:35
1,"1.sitting",1,"1.Resting",46650,"2016-08-09 16:14:35",0.75,-0.07,0.452,0.991,"sitting","Resting","land","land","",2016-08-09 16:14:35
1,"1.sitting",1,"1.Resting",46651,"2016-08-09 16:14:35",0.75,-0.061,0.382,0.911,"sitting","Resting","land","land","",2016-08-09 16:14:35
1,"1.sitting",1,"1.Resting",46652,"2016-08-09 16:14:35",0.75,-0.03,0.393,0.946,"sitting","Resting","land","land","",2016-08-09 16:14:35
1,"1.sitting",1,"1.Resting",46653,"2016-08-09 16:14:35",0.75,-0.054,0.411,0.948,"sitting","Resting","land","land","",2016-08-09 16:14:35
1,"1.sitting",1,"1.Resting",46654,"2016-08-09 16:14:36",0.75,-0.072,0.402,0.907,"sitting","Resting","land","land","",2016-08-09 16:14:36
1,"1.sitting",1,"1.Resting",46655,"2016-08-09 16:14:36",0.75,-0.05,0.417,0.962,"sitting","Resting","land","land","",2016-08-09 16:14:36
1,"1.sitting",1,"1.Resting",46656,"2016-08-09 16:14:36",0.75,-0.032,0.398,0.913,"sitting","Resting","land","land","",2016-08-09 16:14:36
1,"1.sitting",1,"1.Resting",46657,"2016-08-09 16:14:36",0.75,-0.047,0.355,0.908,"sitting","Resting","land","land","",2016-08-09 16:14:36
1,"1.sitting",1,"1.Resting",46658,"2016-08-09 16:14:36",0.75,-0.06,0.388,0.994,"sitting","Resting","land","land","",2016-08-09 16:14:36
1,"1.sitting",1,"1.Resting",46659,"2016-08-09 16:14:36",0.75,-0.05,0.401,0.932,"sitting","Resting","land","land","",2016-08-09 16:14:36
1,"1.sitting",1,"1.Resting",46660,"2016-08-09 16:14:36",0.75,-0.029,0.385,0.84,"sitting","Resting","land","land","",2016-08-09 16:14:36
1,"1.sitting",1,"1.Resting",46661,"2016-08-09 16:14:36",0.75,-0.035,0.392,0.924,"sitting","Resting","land","land","",2016-08-09 16:14:36
1,"1.sitting",1,"1.Resting",46662,"2016-08-09 16:14:36",0.75,-0.038,0.396,0.96,"sitting","Resting","land","land","",2016-08-09 16:14:36
1,"1.sitting",1,"1.Resting",46663,"2016-08-09 16:14:36",0.75,-0.039,0.4,0.938,"sitting","Resting","land","land","",2016-08-09 16:14:36
1,"1.sitting",1,"1.Resting",46664,"2016-08-09 16:14:36",0.75,-0.024,0.438,0.934,"sitting","Resting","land","land","",2016-08-09 16:14:36
1,"1.sitting",1,"1.Resting",46665,"2016-08-09 16:14:36",0.75,-0.016,0.451,0.918,"sitting","Resting","land","land","",2016-08-09 16:14:36
1,"1.sitting",1,"1.Resting",46666,"2016-08-09 16:14:36",0.75,-0.007,0.451,0.937,"sitting","Resting","land","land","",2016-08-09 16:14:36
1,"1.sitting",1,"1.Resting",46667,"2016-08-09 16:14:36",0.75,-0.002,0.447,0.901,"sitting","Resting","land","land","",2016-08-09 16:14:36
1,"1.sitting",1,"1.Resting",46668,"2016-08-09 16:14:36",0.75,-0.009,0.453,0.896,"sitting","Resting","land","land","",2016-08-09 16:14:36
1,"1.sitting",1,"1.Resting",46669,"2016-08-09 16:14:36",0.75,-0.001,0.451,0.885,"sitting","Resting","land","land","",2016-08-09 16:14:36
1,"1.sitting",1,"1.Resting",46670,"2016-08-09 16:14:36",0.75,-0.035,0.436,0.924,"sitting","Resting","land","land","",2016-08-09 16:14:36
1,"1.sitting",1,"1.Resting",46671,"2016-08-09 16:14:36",0.75,-0.028,0.449,0.868,"sitting","Resting","land","land","",2016-08-09 16:14:36
1,"1.sitting",1,"1.Resting",46672,"2016-08-09 16:14:36",0.75,0.011,0.451,0.826,"sitting","Resting","land","land","",2016-08-09 16:14:36
1,"1.sitting",1,"1.Resting",46673,"2016-08-09 16:14:36",0.75,0.029,0.519,0.877,"sitting","Resting","land","land","",2016-08-09 16:14:36
1,"1.sitting",1,"1.Resting",46674,"2016-08-09 16:14:37",0.75,0.008,0.523,0.851,"sitting","Resting","land","land","",2016-08-09 16:14:37
1,"1.sitting",1,"1.Resting",46675,"2016-08-09 16:14:37",0.75,0.017,0.519,0.885,"sitting","Resting","land","land","",2016-08-09 16:14:37
1,"1.sitting",1,"1.Resting",46676,"2016-08-09 16:14:37",0.75,0.02,0.51,0.949,"sitting","Resting","land","land","",2016-08-09 16:14:37
1,"1.sitting",1,"1.Resting",46677,"2016-08-09 16:14:37",0.75,0.01,0.465,0.915,"sitting","Resting","land","land","",2016-08-09 16:14:37
1,"1.sitting",1,"1.Resting",46678,"2016-08-09 16:14:37",0.75,-0.004,0.432,0.868,"sitting","Resting","land","land","",2016-08-09 16:14:37
1,"1.sitting",1,"1.Resting",46679,"2016-08-09 16:14:37",0.75,0.02,0.418,0.838,"sitting","Resting","land","land","",2016-08-09 16:14:37
1,"1.sitting",1,"1.Resting",46680,"2016-08-09 16:14:37",0.75,0.027,0.436,0.871,"sitting","Resting","land","land","",2016-08-09 16:14:37
1,"1.sitting",1,"1.Resting",46681,"2016-08-09 16:14:37",0.75,0.019,0.441,0.842,"sitting","Resting","land","land","",2016-08-09 16:14:37
1,"1.sitting",1,"1.Resting",46682,"2016-08-09 16:14:37",0.75,0.017,0.476,0.853,"sitting","Resting","land","land","",2016-08-09 16:14:37
1,"1.sitting",1,"1.Resting",46683,"2016-08-09 16:14:37",0.75,0.034,0.488,0.877,"sitting","Resting","land","land","",2016-08-09 16:14:37
1,"1.sitting",1,"1.Resting",46684,"2016-08-09 16:14:37",0.75,0.019,0.496,0.883,"sitting","Resting","land","land","",2016-08-09 16:14:37
1,"1.sitting",1,"1.Resting",46685,"2016-08-09 16:14:37",0.75,0.016,0.476,0.828,"sitting","Resting","land","land","",2016-08-09 16:14:37
1,"1.sitting",1,"1.Resting",46686,"2016-08-09 16:14:37",0.75,-0.002,0.455,0.818,"sitting","Resting","land","land","",2016-08-09 16:14:37
1,"1.sitting",1,"1.Resting",46687,"2016-08-09 16:14:37",0.75,0.008,0.471,0.886,"sitting","Resting","land","land","",2016-08-09 16:14:37
1,"1.sitting",1,"1.Resting",46688,"2016-08-09 16:14:37",0.75,0.049,0.492,0.889,"sitting","Resting","land","land","",2016-08-09 16:14:37
1,"1.sitting",1,"1.Resting",46689,"2016-08-09 16:14:37",0.75,0.022,0.453,0.836,"sitting","Resting","land","land","",2016-08-09 16:14:37
1,"1.sitting",1,"1.Resting",46690,"2016-08-09 16:14:37",0.75,0.033,0.466,0.822,"sitting","Resting","land","land","",2016-08-09 16:14:37
1,"1.sitting",1,"1.Resting",46691,"2016-08-09 16:14:37",0.75,0.051,0.486,0.848,"sitting","Resting","land","land","",2016-08-09 16:14:37
1,"1.sitting",1,"1.Resting",46692,"2016-08-09 16:14:37",0.75,0.053,0.506,0.835,"sitting","Resting","land","land","",2016-08-09 16:14:37
1,"1.sitting",1,"1.Resting",46693,"2016-08-09 16:14:37",0.75,0.075,0.532,0.87,"sitting","Resting","land","land","",2016-08-09 16:14:37
1,"1.sitting",1,"1.Resting",46694,"2016-08-09 16:14:38",0.75,0.062,0.531,0.88,"sitting","Resting","land","land","",2016-08-09 16:14:38
1,"1.sitting",1,"1.Resting",46695,"2016-08-09 16:14:38",0.75,0.064,0.56,0.878,"sitting","Resting","land","land","",2016-08-09 16:14:38
1,"1.sitting",1,"1.Resting",46696,"2016-08-09 16:14:38",0.75,0.058,0.531,0.826,"sitting","Resting","land","land","",2016-08-09 16:14:38
1,"1.sitting",1,"1.Resting",46697,"2016-08-09 16:14:38",0.75,0.08,0.559,0.858,"sitting","Resting","land","land","",2016-08-09 16:14:38
1,"1.sitting",1,"1.Resting",46698,"2016-08-09 16:14:38",0.75,0.087,0.575,0.854,"sitting","Resting","land","land","",2016-08-09 16:14:38
1,"1.sitting",1,"1.Resting",46699,"2016-08-09 16:14:38",0.75,0.117,0.571,0.828,"sitting","Resting","land","land","",2016-08-09 16:14:38
1,"1.sitting",1,"1.Resting",46700,"2016-08-09 16:14:38",0.75,0.124,0.55,0.852,"sitting","Resting","land","land","",2016-08-09 16:14:38
1,"1.sitting",1,"1.Resting",46701,"2016-08-09 16:14:38",0.75,0.107,0.55,0.847,"sitting","Resting","land","land","",2016-08-09 16:14:38
1,"1.sitting",1,"1.Resting",46702,"2016-08-09 16:14:38",0.75,0.119,0.561,0.829,"sitting","Resting","land","land","",2016-08-09 16:14:38
1,"1.sitting",1,"1.Resting",46703,"2016-08-09 16:14:38",0.75,0.115,0.563,0.826,"sitting","Resting","land","land","",2016-08-09 16:14:38
1,"1.sitting",1,"1.Resting",46704,"2016-08-09 16:14:38",0.75,0.124,0.581,0.848,"sitting","Resting","land","land","",2016-08-09 16:14:38
1,"1.sitting",1,"1.Resting",46705,"2016-08-09 16:14:38",0.75,0.118,0.546,0.826,"sitting","Resting","land","land","",2016-08-09 16:14:38
1,"1.sitting",1,"1.Resting",46706,"2016-08-09 16:14:38",0.75,0.129,0.559,0.824,"sitting","Resting","land","land","",2016-08-09 16:14:38
1,"1.sitting",1,"1.Resting",46707,"2016-08-09 16:14:38",0.75,0.113,0.541,0.813,"sitting","Resting","land","land","",2016-08-09 16:14:38
1,"1.sitting",1,"1.Resting",46708,"2016-08-09 16:14:38",0.75,0.101,0.553,0.813,"sitting","Resting","land","land","",2016-08-09 16:14:38
1,"1.sitting",1,"1.Resting",46709,"2016-08-09 16:14:38",0.75,0.127,0.572,0.818,"sitting","Resting","land","land","",2016-08-09 16:14:38
1,"1.sitting",1,"1.Resting",46710,"2016-08-09 16:14:38",0.75,0.139,0.56,0.79,"sitting","Resting","land","land","",2016-08-09 16:14:38
1,"1.sitting",1,"1.Resting",46711,"2016-08-09 16:14:38",0.75,0.162,0.531,0.715,"sitting","Resting","land","land","",2016-08-09 16:14:38
1,"1.sitting",1,"1.Resting",46712,"2016-08-09 16:14:38",0.71,0.169,0.591,0.755,"sitting","Resting","land","land","",2016-08-09 16:14:38
1,"1.sitting",1,"1.Resting",46713,"2016-08-09 16:14:38",0.75,0.164,0.648,0.837,"sitting","Resting","land","land","",2016-08-09 16:14:38
1,"1.sitting",1,"1.Resting",46714,"2016-08-09 16:14:39",0.75,0.147,0.634,0.864,"sitting","Resting","land","land","",2016-08-09 16:14:39
1,"1.sitting",1,"1.Resting",46715,"2016-08-09 16:14:39",0.75,0.151,0.628,0.84,"sitting","Resting","land","land","",2016-08-09 16:14:39
1,"1.sitting",1,"1.Resting",46716,"2016-08-09 16:14:39",0.75,0.169,0.606,0.82,"sitting","Resting","land","land","",2016-08-09 16:14:39
1,"1.sitting",1,"1.Resting",46717,"2016-08-09 16:14:39",0.75,0.181,0.612,0.805,"sitting","Resting","land","land","",2016-08-09 16:14:39
1,"1.sitting",1,"1.Resting",46718,"2016-08-09 16:14:39",0.75,0.167,0.624,0.822,"sitting","Resting","land","land","",2016-08-09 16:14:39
1,"1.sitting",1,"1.Resting",46719,"2016-08-09 16:14:39",0.75,0.145,0.619,0.851,"sitting","Resting","land","land","",2016-08-09 16:14:39
1,"1.sitting",1,"1.Resting",46720,"2016-08-09 16:14:39",0.71,0.154,0.606,0.801,"sitting","Resting","land","land","",2016-08-09 16:14:39
1,"1.sitting",1,"1.Resting",46721,"2016-08-09 16:14:39",0.75,0.159,0.607,0.766,"sitting","Resting","land","land","",2016-08-09 16:14:39
1,"1.sitting",1,"1.Resting",46722,"2016-08-09 16:14:39",0.75,0.142,0.62,0.844,"sitting","Resting","land","land","",2016-08-09 16:14:39
1,"1.sitting",1,"1.Resting",46723,"2016-08-09 16:14:39",0.75,0.108,0.575,0.764,"sitting","Resting","land","land","",2016-08-09 16:14:39
1,"1.sitting",1,"1.Resting",46724,"2016-08-09 16:14:39",0.75,0.135,0.623,0.82,"sitting","Resting","land","land","",2016-08-09 16:14:39
1,"1.sitting",1,"1.Resting",46725,"2016-08-09 16:14:39",0.75,0.12,0.666,0.934,"sitting","Resting","land","land","",2016-08-09 16:14:39
1,"1.sitting",1,"1.Resting",46726,"2016-08-09 16:14:39",0.75,0.115,0.611,0.897,"sitting","Resting","land","land","",2016-08-09 16:14:39
1,"1.sitting",1,"1.Resting",46727,"2016-08-09 16:14:39",0.75,0.111,0.614,0.835,"sitting","Resting","land","land","",2016-08-09 16:14:39
1,"1.sitting",1,"1.Resting",46728,"2016-08-09 16:14:39",0.75,0.119,0.602,0.844,"sitting","Resting","land","land","",2016-08-09 16:14:39
1,"1.sitting",1,"1.Resting",46729,"2016-08-09 16:14:39",0.75,0.115,0.583,0.832,"sitting","Resting","land","land","",2016-08-09 16:14:39
1,"1.sitting",1,"1.Resting",46730,"2016-08-09 16:14:39",0.75,0.097,0.604,0.815,"sitting","Resting","land","land","",2016-08-09 16:14:39
1,"1.sitting",1,"1.Resting",46731,"2016-08-09 16:14:39",0.75,0.097,0.628,0.854,"sitting","Resting","land","land","",2016-08-09 16:14:39
1,"1.sitting",1,"1.Resting",46732,"2016-08-09 16:14:39",0.75,0.079,0.612,0.811,"sitting","Resting","land","land","",2016-08-09 16:14:39
1,"1.sitting",1,"1.Resting",46733,"2016-08-09 16:14:39",0.75,0.083,0.62,0.802,"sitting","Resting","land","land","",2016-08-09 16:14:39
1,"1.sitting",1,"1.Resting",46734,"2016-08-09 16:14:40",0.75,0.104,0.589,0.762,"sitting","Resting","land","land","",2016-08-09 16:14:40
1,"1.sitting",1,"1.Resting",46735,"2016-08-09 16:14:40",0.75,0.113,0.625,0.792,"sitting","Resting","land","land","",2016-08-09 16:14:40
1,"1.sitting",1,"1.Resting",46736,"2016-08-09 16:14:40",0.75,0.116,0.64,0.821,"sitting","Resting","land","land","",2016-08-09 16:14:40
1,"1.sitting",1,"1.Resting",46737,"2016-08-09 16:14:40",0.75,0.104,0.62,0.83,"sitting","Resting","land","land","",2016-08-09 16:14:40
1,"1.sitting",1,"1.Resting",46738,"2016-08-09 16:14:40",0.75,0.089,0.635,0.834,"sitting","Resting","land","land","",2016-08-09 16:14:40
1,"1.sitting",1,"1.Resting",46739,"2016-08-09 16:14:40",0.75,0.054,0.634,0.85,"sitting","Resting","land","land","",2016-08-09 16:14:40
1,"1.sitting",1,"1.Resting",46740,"2016-08-09 16:14:40",0.75,0.06,0.623,0.83,"sitting","Resting","land","land","",2016-08-09 16:14:40
1,"1.sitting",1,"1.Resting",46741,"2016-08-09 16:14:40",0.75,0.092,0.627,0.799,"sitting","Resting","land","land","",2016-08-09 16:14:40
1,"1.sitting",1,"1.Resting",46742,"2016-08-09 16:14:40",0.75,0.1,0.617,0.813,"sitting","Resting","land","land","",2016-08-09 16:14:40
1,"1.sitting",1,"1.Resting",46743,"2016-08-09 16:14:40",0.75,0.093,0.606,0.815,"sitting","Resting","land","land","",2016-08-09 16:14:40
1,"1.sitting",1,"1.Resting",46744,"2016-08-09 16:14:40",0.75,0.097,0.596,0.771,"sitting","Resting","land","land","",2016-08-09 16:14:40
1,"1.sitting",1,"1.Resting",46745,"2016-08-09 16:14:40",0.75,0.087,0.625,0.797,"sitting","Resting","land","land","",2016-08-09 16:14:40
1,"1.sitting",1,"1.Resting",46746,"2016-08-09 16:14:40",0.75,0.093,0.599,0.786,"sitting","Resting","land","land","",2016-08-09 16:14:40
1,"1.sitting",1,"1.Resting",46747,"2016-08-09 16:14:40",0.75,0.103,0.618,0.765,"sitting","Resting","land","land","",2016-08-09 16:14:40
1,"1.sitting",1,"1.Resting",46748,"2016-08-09 16:14:40",0.75,0.07,0.615,0.742,"sitting","Resting","land","land","",2016-08-09 16:14:40
1,"1.sitting",1,"1.Resting",46749,"2016-08-09 16:14:40",0.75,0.069,0.619,0.801,"sitting","Resting","land","land","",2016-08-09 16:14:40
1,"1.sitting",1,"1.Resting",46750,"2016-08-09 16:14:40",0.75,0.079,0.619,0.825,"sitting","Resting","land","land","",2016-08-09 16:14:40
1,"1.sitting",1,"1.Resting",46751,"2016-08-09 16:14:40",0.75,0.087,0.609,0.832,"sitting","Resting","land","land","",2016-08-09 16:14:40
1,"1.sitting",1,"1.Resting",46752,"2016-08-09 16:14:40",0.75,0.084,0.586,0.814,"sitting","Resting","land","land","",2016-08-09 16:14:40
1,"1.sitting",1,"1.Resting",46753,"2016-08-09 16:14:40",0.71,0.081,0.593,0.804,"sitting","Resting","land","land","",2016-08-09 16:14:40
1,"1.sitting",1,"1.Resting",46754,"2016-08-09 16:14:41",0.75,0.07,0.596,0.797,"sitting","Resting","land","land","",2016-08-09 16:14:41
1,"1.sitting",1,"1.Resting",46755,"2016-08-09 16:14:41",0.75,0.076,0.608,0.803,"sitting","Resting","land","land","",2016-08-09 16:14:41
1,"1.sitting",1,"1.Resting",46756,"2016-08-09 16:14:41",0.75,0.069,0.64,0.819,"sitting","Resting","land","land","",2016-08-09 16:14:41
1,"1.sitting",1,"1.Resting",46757,"2016-08-09 16:14:41",0.75,0.065,0.64,0.844,"sitting","Resting","land","land","",2016-08-09 16:14:41
1,"1.sitting",1,"1.Resting",46758,"2016-08-09 16:14:41",0.75,0.076,0.621,0.804,"sitting","Resting","land","land","",2016-08-09 16:14:41
1,"1.sitting",1,"1.Resting",46759,"2016-08-09 16:14:41",0.75,0.052,0.587,0.735,"sitting","Resting","land","land","",2016-08-09 16:14:41
1,"1.sitting",1,"1.Resting",46760,"2016-08-09 16:14:41",0.75,0.057,0.61,0.77,"sitting","Resting","land","land","",2016-08-09 16:14:41
1,"1.sitting",1,"1.Resting",46761,"2016-08-09 16:14:41",0.75,0.076,0.631,0.821,"sitting","Resting","land","land","",2016-08-09 16:14:41
1,"1.sitting",1,"1.Resting",46762,"2016-08-09 16:14:41",0.75,0.081,0.628,0.814,"sitting","Resting","land","land","",2016-08-09 16:14:41
1,"1.sitting",1,"1.Resting",46763,"2016-08-09 16:14:41",0.75,0.06,0.635,0.83,"sitting","Resting","land","land","",2016-08-09 16:14:41
1,"1.sitting",1,"1.Resting",46764,"2016-08-09 16:14:41",0.75,0.035,0.631,0.808,"sitting","Resting","land","land","",2016-08-09 16:14:41
1,"1.sitting",1,"1.Resting",46765,"2016-08-09 16:14:41",0.75,0.022,0.643,0.776,"sitting","Resting","land","land","",2016-08-09 16:14:41
1,"1.sitting",1,"1.Resting",46766,"2016-08-09 16:14:41",0.75,0.018,0.658,0.817,"sitting","Resting","land","land","",2016-08-09 16:14:41
1,"1.sitting",1,"1.Resting",46767,"2016-08-09 16:14:41",0.75,0.011,0.647,0.812,"sitting","Resting","land","land","",2016-08-09 16:14:41
1,"1.moving",2,"2.Travelling",46768,"2016-08-09 16:14:41",0.75,0.009,0.691,0.825,"moving","Travelling","land","land","moving",2016-08-09 16:14:41
1,"1.moving",2,"2.Travelling",46769,"2016-08-09 16:14:41",0.75,-0.014,0.705,0.787,"moving","Travelling","land","land","",2016-08-09 16:14:41
1,"1.moving",2,"2.Travelling",46770,"2016-08-09 16:14:41",0.75,-0.008,0.716,0.761,"moving","Travelling","land","land","",2016-08-09 16:14:41
1,"1.moving",2,"2.Travelling",46771,"2016-08-09 16:14:41",0.75,0.009,0.691,0.752,"moving","Travelling","land","land","",2016-08-09 16:14:41
1,"1.moving",2,"2.Travelling",46772,"2016-08-09 16:14:41",0.75,0.015,0.642,0.706,"moving","Travelling","land","land","",2016-08-09 16:14:41
1,"1.moving",2,"2.Travelling",46773,"2016-08-09 16:14:41",0.75,-0.023,0.632,0.738,"moving","Travelling","land","land","",2016-08-09 16:14:41
1,"1.moving",2,"2.Travelling",46774,"2016-08-09 16:14:42",0.75,-0.034,0.633,0.824,"moving","Travelling","land","land","",2016-08-09 16:14:42
1,"1.moving",2,"2.Travelling",46775,"2016-08-09 16:14:42",0.75,-0.07,0.606,0.82,"moving","Travelling","land","land","",2016-08-09 16:14:42
1,"1.moving",2,"2.Travelling",46776,"2016-08-09 16:14:42",0.75,-0.028,0.586,0.772,"moving","Travelling","land","land","",2016-08-09 16:14:42
1,"1.moving",2,"2.Travelling",46777,"2016-08-09 16:14:42",0.75,-0.029,0.583,0.799,"moving","Travelling","land","land","",2016-08-09 16:14:42
1,"1.moving",2,"2.Travelling",46778,"2016-08-09 16:14:42",0.75,-0.035,0.598,0.794,"moving","Travelling","land","land","",2016-08-09 16:14:42
1,"1.moving",2,"2.Travelling",46779,"2016-08-09 16:14:42",0.75,-0.051,0.651,0.824,"moving","Travelling","land","land","",2016-08-09 16:14:42
1,"1.moving",2,"2.Travelling",46780,"2016-08-09 16:14:42",0.75,-0.06,0.605,0.786,"moving","Travelling","land","land","",2016-08-09 16:14:42
1,"1.moving",2,"2.Travelling",46781,"2016-08-09 16:14:42",0.75,-0.084,0.532,0.7,"moving","Travelling","land","land","",2016-08-09 16:14:42
1,"1.moving",2,"2.Travelling",46782,"2016-08-09 16:14:42",0.75,-0.094,0.538,0.772,"moving","Travelling","land","land","",2016-08-09 16:14:42
1,"1.moving",2,"2.Travelling",46783,"2016-08-09 16:14:42",0.75,-0.052,0.535,0.803,"moving","Travelling","land","land","",2016-08-09 16:14:42
1,"1.moving",2,"2.Travelling",46784,"2016-08-09 16:14:42",0.75,-0.071,0.509,0.808,"moving","Travelling","land","land","",2016-08-09 16:14:42
1,"1.moving",2,"2.Travelling",46785,"2016-08-09 16:14:42",0.75,-0.07,0.509,0.812,"moving","Travelling","land","land","",2016-08-09 16:14:42
1,"1.moving",2,"2.Travelling",46786,"2016-08-09 16:14:42",0.71,-0.058,0.558,0.891,"moving","Travelling","land","land","",2016-08-09 16:14:42
1,"1.moving",2,"2.Travelling",46787,"2016-08-09 16:14:42",0.75,-0.06,0.559,0.862,"moving","Travelling","land","land","",2016-08-09 16:14:42
1,"1.moving",2,"2.Travelling",46788,"2016-08-09 16:14:42",0.75,-0.081,0.601,0.82,"moving","Travelling","land","land","",2016-08-09 16:14:42
1,"1.moving",2,"2.Travelling",46789,"2016-08-09 16:14:42",0.75,-0.104,0.606,0.748,"moving","Travelling","land","land","",2016-08-09 16:14:42
1,"1.moving",2,"2.Travelling",46790,"2016-08-09 16:14:42",0.75,-0.181,0.635,0.739,"moving","Travelling","land","land","",2016-08-09 16:14:42
1,"1.moving",2,"2.Travelling",46791,"2016-08-09 16:14:42",0.75,-0.205,0.639,0.752,"moving","Travelling","land","land","",2016-08-09 16:14:42
1,"1.moving",2,"2.Travelling",46792,"2016-08-09 16:14:42",0.75,-0.191,0.632,0.744,"moving","Travelling","land","land","",2016-08-09 16:14:42
1,"1.moving",2,"2.Travelling",46793,"2016-08-09 16:14:42",0.75,-0.135,0.696,0.774,"moving","Travelling","land","land","",2016-08-09 16:14:42
1,"1.moving",2,"2.Travelling",46794,"2016-08-09 16:14:43",0.75,-0.147,0.731,0.762,"moving","Travelling","land","land","",2016-08-09 16:14:43
1,"1.moving",2,"2.Travelling",46795,"2016-08-09 16:14:43",0.75,-0.188,0.734,0.727,"moving","Travelling","land","land","",2016-08-09 16:14:43
1,"1.moving",2,"2.Travelling",46796,"2016-08-09 16:14:43",0.75,-0.196,0.733,0.667,"moving","Travelling","land","land","",2016-08-09 16:14:43
1,"1.moving",2,"2.Travelling",46797,"2016-08-09 16:14:43",0.75,-0.216,0.747,0.665,"moving","Travelling","land","land","",2016-08-09 16:14:43
1,"1.moving",2,"2.Travelling",46798,"2016-08-09 16:14:43",0.75,-0.263,0.723,0.637,"moving","Travelling","land","land","",2016-08-09 16:14:43
1,"1.moving",2,"2.Travelling",46799,"2016-08-09 16:14:43",0.75,-0.283,0.718,0.664,"moving","Travelling","land","land","",2016-08-09 16:14:43
1,"1.moving",2,"2.Travelling",46800,"2016-08-09 16:14:43",0.75,-0.278,0.745,0.646,"moving","Travelling","land","land","",2016-08-09 16:14:43
1,"1.moving",2,"2.Travelling",46801,"2016-08-09 16:14:43",0.75,-0.235,0.763,0.699,"moving","Travelling","land","land","",2016-08-09 16:14:43
1,"1.moving",2,"2.Travelling",46802,"2016-08-09 16:14:43",0.75,-0.203,0.729,0.712,"moving","Travelling","land","land","",2016-08-09 16:14:43
1,"1.moving",2,"2.Travelling",46803,"2016-08-09 16:14:43",0.75,-0.185,0.666,0.739,"moving","Travelling","land","land","",2016-08-09 16:14:43
1,"1.moving",2,"2.Travelling",46804,"2016-08-09 16:14:43",0.75,-0.174,0.647,0.793,"moving","Travelling","land","land","",2016-08-09 16:14:43
1,"1.moving",2,"2.Travelling",46805,"2016-08-09 16:14:43",0.75,-0.162,0.631,0.85,"moving","Travelling","land","land","",2016-08-09 16:14:43
1,"1.moving",2,"2.Travelling",46806,"2016-08-09 16:14:43",0.75,-0.148,0.57,0.856,"moving","Travelling","land","land","",2016-08-09 16:14:43
1,"1.moving",2,"2.Travelling",46807,"2016-08-09 16:14:43",0.75,-0.122,0.521,0.892,"moving","Travelling","land","land","",2016-08-09 16:14:43
1,"1.moving",2,"2.Travelling",46808,"2016-08-09 16:14:43",0.75,-0.114,0.502,0.887,"moving","Travelling","land","land","",2016-08-09 16:14:43
1,"1.moving",2,"2.Travelling",46809,"2016-08-09 16:14:43",0.75,-0.093,0.498,0.87,"moving","Travelling","land","land","",2016-08-09 16:14:43
1,"1.moving",2,"2.Travelling",46810,"2016-08-09 16:14:43",0.75,-0.086,0.498,0.884,"moving","Travelling","land","land","",2016-08-09 16:14:43
1,"1.moving",2,"2.Travelling",46811,"2016-08-09 16:14:43",0.75,-0.085,0.491,0.882,"moving","Travelling","land","land","",2016-08-09 16:14:43
1,"1.moving",2,"2.Travelling",46812,"2016-08-09 16:14:43",0.75,-0.064,0.499,0.869,"moving","Travelling","land","land","",2016-08-09 16:14:43
1,"1.moving",2,"2.Travelling",46813,"2016-08-09 16:14:43",0.75,-0.053,0.483,0.811,"moving","Travelling","land","land","",2016-08-09 16:14:43
1,"1.moving",2,"2.Travelling",46814,"2016-08-09 16:14:44",0.75,-0.054,0.455,0.821,"moving","Travelling","land","land","",2016-08-09 16:14:44
1,"1.moving",2,"2.Travelling",46815,"2016-08-09 16:14:44",0.75,-0.075,0.455,0.857,"moving","Travelling","land","land","",2016-08-09 16:14:44
1,"1.moving",2,"2.Travelling",46816,"2016-08-09 16:14:44",0.75,-0.071,0.457,0.874,"moving","Travelling","land","land","",2016-08-09 16:14:44
1,"1.moving",2,"2.Travelling",46817,"2016-08-09 16:14:44",0.75,-0.088,0.434,0.865,"moving","Travelling","land","land","",2016-08-09 16:14:44
1,"1.moving",2,"2.Travelling",46818,"2016-08-09 16:14:44",0.75,-0.094,0.424,0.858,"moving","Travelling","land","land","",2016-08-09 16:14:44
1,"1.moving",2,"2.Travelling",46819,"2016-08-09 16:14:44",0.75,-0.112,0.452,0.886,"moving","Travelling","land","land","",2016-08-09 16:14:44
1,"1.moving",2,"2.Travelling",46820,"2016-08-09 16:14:44",0.75,-0.106,0.473,0.906,"moving","Travelling","land","land","",2016-08-09 16:14:44
1,"1.moving",2,"2.Travelling",46821,"2016-08-09 16:14:44",0.75,-0.087,0.453,0.899,"moving","Travelling","land","land","",2016-08-09 16:14:44
1,"1.moving",2,"2.Travelling",46822,"2016-08-09 16:14:44",0.75,-0.12,0.42,0.869,"moving","Travelling","land","land","",2016-08-09 16:14:44
1,"1.moving",2,"2.Travelling",46823,"2016-08-09 16:14:44",0.75,-0.131,0.414,0.88,"moving","Travelling","land","land","",2016-08-09 16:14:44
1,"1.moving",2,"2.Travelling",46824,"2016-08-09 16:14:44",0.75,-0.128,0.396,0.868,"moving","Travelling","land","land","",2016-08-09 16:14:44
1,"1.moving",2,"2.Travelling",46825,"2016-08-09 16:14:44",0.75,-0.164,0.371,0.887,"moving","Travelling","land","land","",2016-08-09 16:14:44
1,"1.moving",2,"2.Travelling",46826,"2016-08-09 16:14:44",0.75,-0.18,0.379,0.921,"moving","Travelling","land","land","",2016-08-09 16:14:44
1,"1.moving",2,"2.Travelling",46827,"2016-08-09 16:14:44",0.75,-0.186,0.434,0.918,"moving","Travelling","land","land","",2016-08-09 16:14:44
1,"1.moving",2,"2.Travelling",46828,"2016-08-09 16:14:44",0.75,-0.183,0.426,0.918,"moving","Travelling","land","land","",2016-08-09 16:14:44
1,"1.moving",2,"2.Travelling",46829,"2016-08-09 16:14:44",0.75,-0.207,0.439,0.864,"moving","Travelling","land","land","",2016-08-09 16:14:44
1,"1.moving",2,"2.Travelling",46830,"2016-08-09 16:14:44",0.75,-0.183,0.414,0.871,"moving","Travelling","land","land","",2016-08-09 16:14:44
1,"1.moving",2,"2.Travelling",46831,"2016-08-09 16:14:44",0.75,-0.177,0.278,0.832,"moving","Travelling","land","land","",2016-08-09 16:14:44
1,"1.moving",2,"2.Travelling",46832,"2016-08-09 16:14:44",0.75,-0.19,0.304,0.737,"moving","Travelling","land","land","",2016-08-09 16:14:44
1,"1.moving",2,"2.Travelling",46833,"2016-08-09 16:14:44",0.75,-0.213,0.427,0.841,"moving","Travelling","land","land","",2016-08-09 16:14:44
1,"1.moving",2,"2.Travelling",46834,"2016-08-09 16:14:45",0.75,-0.174,0.461,0.974,"moving","Travelling","land","land","",2016-08-09 16:14:45
1,"1.moving",2,"2.Travelling",46835,"2016-08-09 16:14:45",0.75,-0.234,0.403,0.906,"moving","Travelling","land","land","",2016-08-09 16:14:45
1,"1.moving",2,"2.Travelling",46836,"2016-08-09 16:14:45",0.75,-0.233,0.404,0.953,"moving","Travelling","land","land","",2016-08-09 16:14:45
1,"1.moving",2,"2.Travelling",46837,"2016-08-09 16:14:45",0.75,-0.218,0.389,0.896,"moving","Travelling","land","land","",2016-08-09 16:14:45
1,"1.moving",2,"2.Travelling",46838,"2016-08-09 16:14:45",0.75,-0.22,0.403,0.854,"moving","Travelling","land","land","",2016-08-09 16:14:45
1,"1.moving",2,"2.Travelling",46839,"2016-08-09 16:14:45",0.75,-0.223,0.415,0.857,"moving","Travelling","land","land","",2016-08-09 16:14:45
1,"1.moving",2,"2.Travelling",46840,"2016-08-09 16:14:45",0.75,-0.209,0.386,0.779,"moving","Travelling","land","land","",2016-08-09 16:14:45
1,"1.moving",2,"2.Travelling",46841,"2016-08-09 16:14:45",0.75,-0.161,0.38,0.769,"moving","Travelling","land","land","",2016-08-09 16:14:45
1,"1.moving",2,"2.Travelling",46842,"2016-08-09 16:14:45",0.75,-0.198,0.448,0.901,"moving","Travelling","land","land","",2016-08-09 16:14:45
1,"1.moving",2,"2.Travelling",46843,"2016-08-09 16:14:45",0.75,-0.187,0.478,0.957,"moving","Travelling","land","land","",2016-08-09 16:14:45
1,"1.moving",2,"2.Travelling",46844,"2016-08-09 16:14:45",0.75,-0.179,0.443,0.855,"moving","Travelling","land","land","",2016-08-09 16:14:45
1,"1.moving",2,"2.Travelling",46845,"2016-08-09 16:14:45",0.75,-0.208,0.485,0.915,"moving","Travelling","land","land","",2016-08-09 16:14:45
1,"1.moving",2,"2.Travelling",46846,"2016-08-09 16:14:45",0.75,-0.231,0.502,0.951,"moving","Travelling","land","land","",2016-08-09 16:14:45
1,"1.moving",2,"2.Travelling",46847,"2016-08-09 16:14:45",0.75,-0.214,0.49,0.932,"moving","Travelling","land","land","",2016-08-09 16:14:45
1,"1.moving",2,"2.Travelling",46848,"2016-08-09 16:14:45",0.75,-0.191,0.447,0.897,"moving","Travelling","land","land","",2016-08-09 16:14:45
1,"1.moving",2,"2.Travelling",46849,"2016-08-09 16:14:45",0.75,-0.203,0.419,0.889,"moving","Travelling","land","land","",2016-08-09 16:14:45
1,"1.moving",2,"2.Travelling",46850,"2016-08-09 16:14:45",0.75,-0.201,0.437,0.874,"moving","Travelling","land","land","",2016-08-09 16:14:45
1,"1.moving",2,"2.Travelling",46851,"2016-08-09 16:14:45",0.75,-0.214,0.369,0.833,"moving","Travelling","land","land","",2016-08-09 16:14:45
1,"1.moving",2,"2.Travelling",46852,"2016-08-09 16:14:45",0.75,-0.214,0.389,0.825,"moving","Travelling","land","land","",2016-08-09 16:14:45
1,"1.moving",2,"2.Travelling",46853,"2016-08-09 16:14:45",0.75,-0.228,0.447,0.889,"moving","Travelling","land","land","",2016-08-09 16:14:45
1,"1.moving",2,"2.Travelling",46854,"2016-08-09 16:14:46",0.75,-0.195,0.465,0.848,"moving","Travelling","land","land","",2016-08-09 16:14:46
1,"1.moving",2,"2.Travelling",46855,"2016-08-09 16:14:46",0.75,-0.187,0.451,0.846,"moving","Travelling","land","land","",2016-08-09 16:14:46
1,"1.moving",2,"2.Travelling",46856,"2016-08-09 16:14:46",0.75,-0.207,0.469,0.899,"moving","Travelling","land","land","",2016-08-09 16:14:46
1,"1.moving",2,"2.Travelling",46857,"2016-08-09 16:14:46",0.75,-0.191,0.462,0.932,"moving","Travelling","land","land","",2016-08-09 16:14:46
1,"1.moving",2,"2.Travelling",46858,"2016-08-09 16:14:46",0.75,-0.165,0.457,0.92,"moving","Travelling","land","land","",2016-08-09 16:14:46
1,"1.moving",2,"2.Travelling",46859,"2016-08-09 16:14:46",0.75,-0.179,0.393,0.874,"moving","Travelling","land","land","",2016-08-09 16:14:46
1,"1.moving",2,"2.Travelling",46860,"2016-08-09 16:14:46",0.75,-0.19,0.365,0.878,"moving","Travelling","land","land","",2016-08-09 16:14:46
1,"1.moving",2,"2.Travelling",46861,"2016-08-09 16:14:46",0.75,-0.179,0.373,0.882,"moving","Travelling","land","land","",2016-08-09 16:14:46
1,"1.moving",2,"2.Travelling",46862,"2016-08-09 16:14:46",0.75,-0.154,0.36,0.836,"moving","Travelling","land","land","",2016-08-09 16:14:46
1,"1.moving",2,"2.Travelling",46863,"2016-08-09 16:14:46",0.75,-0.156,0.401,0.895,"moving","Travelling","land","land","",2016-08-09 16:14:46
1,"1.moving",2,"2.Travelling",46864,"2016-08-09 16:14:46",0.75,-0.153,0.404,0.897,"moving","Travelling","land","land","",2016-08-09 16:14:46
1,"1.moving",2,"2.Travelling",46865,"2016-08-09 16:14:46",0.75,-0.151,0.421,0.917,"moving","Travelling","land","land","",2016-08-09 16:14:46
1,"1.moving",2,"2.Travelling",46866,"2016-08-09 16:14:46",0.75,-0.157,0.414,0.941,"moving","Travelling","land","land","",2016-08-09 16:14:46
2,"2.sitting",3,"3.Resting",46867,"2016-08-09 16:14:46",0.75,-0.148,0.381,0.902,"sitting","Resting","land","land","sitting",2016-08-09 16:14:46
2,"2.sitting",3,"3.Resting",46868,"2016-08-09 16:14:46",0.75,-0.157,0.372,0.899,"sitting","Resting","land","land","",2016-08-09 16:14:46
2,"2.sitting",3,"3.Resting",46869,"2016-08-09 16:14:46",0.75,-0.143,0.389,0.911,"sitting","Resting","land","land","",2016-08-09 16:14:46
2,"2.sitting",3,"3.Resting",46870,"2016-08-09 16:14:46",0.75,-0.134,0.363,0.906,"sitting","Resting","land","land","",2016-08-09 16:14:46
2,"2.sitting",3,"3.Resting",46871,"2016-08-09 16:14:46",0.75,-0.148,0.366,0.903,"sitting","Resting","land","land","",2016-08-09 16:14:46
2,"2.sitting",3,"3.Resting",46872,"2016-08-09 16:14:46",0.75,-0.129,0.396,0.92,"sitting","Resting","land","land","",2016-08-09 16:14:46
2,"2.sitting",3,"3.Resting",46873,"2016-08-09 16:14:46",0.75,-0.113,0.354,0.888,"sitting","Resting","land","land","",2016-08-09 16:14:46
2,"2.sitting",3,"3.Resting",46874,"2016-08-09 16:14:47",0.75,-0.125,0.349,0.887,"sitting","Resting","land","land","",2016-08-09 16:14:47
2,"2.sitting",3,"3.Resting",46875,"2016-08-09 16:14:47",0.75,-0.139,0.371,0.904,"sitting","Resting","land","land","",2016-08-09 16:14:47
2,"2.sitting",3,"3.Resting",46876,"2016-08-09 16:14:47",0.75,-0.123,0.359,0.914,"sitting","Resting","land","land","",2016-08-09 16:14:47
2,"2.sitting",3,"3.Resting",46877,"2016-08-09 16:14:47",0.75,-0.124,0.339,0.899,"sitting","Resting","land","land","",2016-08-09 16:14:47
2,"2.sitting",3,"3.Resting",46878,"2016-08-09 16:14:47",0.75,-0.14,0.357,0.92,"sitting","Resting","land","land","",2016-08-09 16:14:47
2,"2.sitting",3,"3.Resting",46879,"2016-08-09 16:14:47",0.75,-0.136,0.389,0.943,"sitting","Resting","land","land","",2016-08-09 16:14:47
2,"2.sitting",3,"3.Resting",46880,"2016-08-09 16:14:47",0.75,-0.117,0.43,0.95,"sitting","Resting","land","land","",2016-08-09 16:14:47
2,"2.sitting",3,"3.Resting",46881,"2016-08-09 16:14:47",0.75,-0.109,0.436,0.926,"sitting","Resting","land","land","",2016-08-09 16:14:47
2,"2.sitting",3,"3.Resting",46882,"2016-08-09 16:14:47",0.75,-0.111,0.445,0.908,"sitting","Resting","land","land","",2016-08-09 16:14:47
2,"2.sitting",3,"3.Resting",46883,"2016-08-09 16:14:47",0.75,-0.088,0.441,0.901,"sitting","Resting","land","land","",2016-08-09 16:14:47
2,"2.sitting",3,"3.Resting",46884,"2016-08-09 16:14:47",0.75,-0.087,0.45,0.941,"sitting","Resting","land","land","",2016-08-09 16:14:47
2,"2.sitting",3,"3.Resting",46885,"2016-08-09 16:14:47",0.75,-0.095,0.454,0.932,"sitting","Resting","land","land","",2016-08-09 16:14:47
2,"2.sitting",3,"3.Resting",46886,"2016-08-09 16:14:47",0.75,-0.079,0.426,0.901,"sitting","Resting","land","land","",2016-08-09 16:14:47
2,"2.sitting",3,"3.Resting",46887,"2016-08-09 16:14:47",0.75,-0.051,0.433,0.884,"sitting","Resting","land","land","",2016-08-09 16:14:47
2,"2.sitting",3,"3.Resting",46888,"2016-08-09 16:14:47",0.75,-0.082,0.443,0.883,"sitting","Resting","land","land","",2016-08-09 16:14:47
2,"2.moving",4,"4.Travelling",46889,"2016-08-09 16:14:47",0.75,-0.059,0.43,0.889,"moving","Travelling","land","land","moving",2016-08-09 16:14:47
2,"2.moving",4,"4.Travelling",46890,"2016-08-09 16:14:47",0.75,-0.083,0.422,0.905,"moving","Travelling","land","land","",2016-08-09 16:14:47
2,"2.moving",4,"4.Travelling",46891,"2016-08-09 16:14:47",0.71,-0.094,0.412,0.918,"moving","Travelling","land","land","",2016-08-09 16:14:47
2,"2.moving",4,"4.Travelling",46892,"2016-08-09 16:14:47",0.75,-0.105,0.402,0.901,"moving","Travelling","land","land","",2016-08-09 16:14:47
2,"2.moving",4,"4.Travelling",46893,"2016-08-09 16:14:47",0.75,-0.108,0.401,0.893,"moving","Travelling","land","land","",2016-08-09 16:14:47
2,"2.moving",4,"4.Travelling",46894,"2016-08-09 16:14:48",0.75,-0.1,0.393,0.87,"moving","Travelling","land","land","",2016-08-09 16:14:48
2,"2.moving",4,"4.Travelling",46895,"2016-08-09 16:14:48",0.75,-0.078,0.36,0.864,"moving","Travelling","land","land","",2016-08-09 16:14:48
2,"2.moving",4,"4.Travelling",46896,"2016-08-09 16:14:48",0.75,-0.072,0.363,0.861,"moving","Travelling","land","land","",2016-08-09 16:14:48
2,"2.moving",4,"4.Travelling",46897,"2016-08-09 16:14:48",0.75,-0.076,0.384,0.84,"moving","Travelling","land","land","",2016-08-09 16:14:48
2,"2.moving",4,"4.Travelling",46898,"2016-08-09 16:14:48",0.75,-0.096,0.401,0.861,"moving","Travelling","land","land","",2016-08-09 16:14:48
2,"2.moving",4,"4.Travelling",46899,"2016-08-09 16:14:48",0.75,-0.096,0.425,0.949,"moving","Travelling","land","land","",2016-08-09 16:14:48
2,"2.moving",4,"4.Travelling",46900,"2016-08-09 16:14:48",0.75,-0.094,0.405,0.952,"moving","Travelling","land","land","",2016-08-09 16:14:48
2,"2.moving",4,"4.Travelling",46901,"2016-08-09 16:14:48",0.75,-0.069,0.399,0.935,"moving","Travelling","land","land","",2016-08-09 16:14:48
2,"2.moving",4,"4.Travelling",46902,"2016-08-09 16:14:48",0.75,-0.068,0.421,0.937,"moving","Travelling","land","land","",2016-08-09 16:14:48
2,"2.moving",4,"4.Travelling",46903,"2016-08-09 16:14:48",0.75,-0.094,0.411,0.942,"moving","Travelling","land","land","",2016-08-09 16:14:48
2,"2.moving",4,"4.Travelling",46904,"2016-08-09 16:14:48",0.75,-0.082,0.383,0.862,"moving","Travelling","land","land","",2016-08-09 16:14:48
2,"2.moving",4,"4.Travelling",46905,"2016-08-09 16:14:48",0.71,-0.062,0.385,0.84,"moving","Travelling","land","land","",2016-08-09 16:14:48
2,"2.moving",4,"4.Travelling",46906,"2016-08-09 16:14:48",0.75,-0.063,0.404,0.859,"moving","Travelling","land","land","",2016-08-09 16:14:48
2,"2.moving",4,"4.Travelling",46907,"2016-08-09 16:14:48",0.75,-0.077,0.409,0.89,"moving","Travelling","land","land","",2016-08-09 16:14:48
2,"2.moving",4,"4.Travelling",46908,"2016-08-09 16:14:48",0.75,-0.121,0.414,0.914,"moving","Travelling","land","land","",2016-08-09 16:14:48
2,"2.moving",4,"4.Travelling",46909,"2016-08-09 16:14:48",0.75,-0.105,0.421,0.919,"moving","Travelling","land","land","",2016-08-09 16:14:48
2,"2.moving",4,"4.Travelling",46910,"2016-08-09 16:14:48",0.75,-0.076,0.434,0.914,"moving","Travelling","land","land","",2016-08-09 16:14:48
2,"2.moving",4,"4.Travelling",46911,"2016-08-09 16:14:48",0.75,-0.069,0.422,0.899,"moving","Travelling","land","land","",2016-08-09 16:14:48
2,"2.moving",4,"4.Travelling",46912,"2016-08-09 16:14:48",0.75,-0.089,0.459,0.935,"moving","Travelling","land","land","",2016-08-09 16:14:48
2,"2.moving",4,"4.Travelling",46913,"2016-08-09 16:14:48",0.75,-0.086,0.437,0.911,"moving","Travelling","land","land","",2016-08-09 16:14:48
2,"2.moving",4,"4.Travelling",46914,"2016-08-09 16:14:49",0.75,-0.075,0.409,0.881,"moving","Travelling","land","land","",2016-08-09 16:14:49
2,"2.moving",4,"4.Travelling",46915,"2016-08-09 16:14:49",0.75,-0.081,0.421,0.89,"moving","Travelling","land","land","",2016-08-09 16:14:49
2,"2.moving",4,"4.Travelling",46916,"2016-08-09 16:14:49",0.75,-0.08,0.417,0.893,"moving","Travelling","land","land","",2016-08-09 16:14:49
2,"2.moving",4,"4.Travelling",46917,"2016-08-09 16:14:49",0.75,-0.086,0.42,0.886,"moving","Travelling","land","land","",2016-08-09 16:14:49
2,"2.moving",4,"4.Travelling",46918,"2016-08-09 16:14:49",0.75,-0.096,0.403,0.887,"moving","Travelling","land","land","",2016-08-09 16:14:49
2,"2.moving",4,"4.Travelling",46919,"2016-08-09 16:14:49",0.75,-0.062,0.408,0.885,"moving","Travelling","land","land","",2016-08-09 16:14:49
2,"2.moving",4,"4.Travelling",46920,"2016-08-09 16:14:49",0.75,-0.052,0.4,0.854,"moving","Travelling","land","land","",2016-08-09 16:14:49
2,"2.moving",4,"4.Travelling",46921,"2016-08-09 16:14:49",0.75,-0.083,0.405,0.866,"moving","Travelling","land","land","",2016-08-09 16:14:49
1,"1.lying",5,"5.Resting",46922,"2016-08-09 16:14:49",0.75,-0.09,0.416,0.89,"lying","Resting","land","land","lying",2016-08-09 16:14:49
1,"1.lying",5,"5.Resting",46923,"2016-08-09 16:14:49",0.75,-0.088,0.418,0.907,"lying","Resting","land","land","",2016-08-09 16:14:49
1,"1.lying",5,"5.Resting",46924,"2016-08-09 16:14:49",0.75,-0.08,0.436,0.9,"lying","Resting","land","land","",2016-08-09 16:14:49
1,"1.lying",5,"5.Resting",46925,"2016-08-09 16:14:49",0.75,-0.063,0.441,0.891,"lying","Resting","land","land","",2016-08-09 16:14:49
1,"1.lying",5,"5.Resting",46926,"2016-08-09 16:14:49",0.75,-0.065,0.417,0.854,"lying","Resting","land","land","",2016-08-09 16:14:49
1,"1.lying",5,"5.Resting",46927,"2016-08-09 16:14:49",0.75,-0.075,0.387,0.813,"lying","Resting","land","land","",2016-08-09 16:14:49
1,"1.lying",5,"5.Resting",46928,"2016-08-09 16:14:49",0.75,-0.08,0.413,0.831,"lying","Resting","land","land","",2016-08-09 16:14:49
1,"1.lying",5,"5.Resting",46929,"2016-08-09 16:14:49",0.75,-0.098,0.417,0.857,"lying","Resting","land","land","",2016-08-09 16:14:49
1,"1.lying",5,"5.Resting",46930,"2016-08-09 16:14:49",0.75,-0.107,0.463,0.979,"lying","Resting","land","land","",2016-08-09 16:14:49
1,"1.lying",5,"5.Resting",46931,"2016-08-09 16:14:49",0.75,-0.104,0.431,1.017,"lying","Resting","land","land","",2016-08-09 16:14:49
1,"1.lying",5,"5.Resting",46932,"2016-08-09 16:14:49",0.75,-0.082,0.45,1.012,"lying","Resting","land","land","",2016-08-09 16:14:49
1,"1.lying",5,"5.Resting",46933,"2016-08-09 16:14:49",0.75,-0.094,0.449,1.015,"lying","Resting","land","land","",2016-08-09 16:14:49
1,"1.lying",5,"5.Resting",46934,"2016-08-09 16:14:50",0.75,-0.087,0.429,1.024,"lying","Resting","land","land","",2016-08-09 16:14:50
1,"1.lying",5,"5.Resting",46935,"2016-08-09 16:14:50",0.75,-0.069,0.405,0.955,"lying","Resting","land","land","",2016-08-09 16:14:50
1,"1.lying",5,"5.Resting",46936,"2016-08-09 16:14:50",0.71,-0.056,0.374,0.826,"lying","Resting","land","land","",2016-08-09 16:14:50
1,"1.lying",5,"5.Resting",46937,"2016-08-09 16:14:50",0.75,-0.101,0.338,0.871,"lying","Resting","land","land","",2016-08-09 16:14:50
1,"1.lying",5,"5.Resting",46938,"2016-08-09 16:14:50",0.75,-0.101,0.332,0.931,"lying","Resting","land","land","",2016-08-09 16:14:50
1,"1.lying",5,"5.Resting",46939,"2016-08-09 16:14:50",0.75,-0.11,0.32,0.868,"lying","Resting","land","land","",2016-08-09 16:14:50
1,"1.lying",5,"5.Resting",46940,"2016-08-09 16:14:50",0.75,-0.098,0.317,0.894,"lying","Resting","land","land","",2016-08-09 16:14:50
1,"1.lying",5,"5.Resting",46941,"2016-08-09 16:14:50",0.75,-0.117,0.305,0.869,"lying","Resting","land","land","",2016-08-09 16:14:50
1,"1.lying",5,"5.Resting",46942,"2016-08-09 16:14:50",0.75,-0.13,0.356,0.905,"lying","Resting","land","land","",2016-08-09 16:14:50
1,"1.lying",5,"5.Resting",46943,"2016-08-09 16:14:50",0.75,-0.144,0.393,0.958,"lying","Resting","land","land","",2016-08-09 16:14:50
1,"1.lying",5,"5.Resting",46944,"2016-08-09 16:14:50",0.75,-0.151,0.389,0.941,"lying","Resting","land","land","",2016-08-09 16:14:50
1,"1.lying",5,"5.Resting",46945,"2016-08-09 16:14:50",0.75,-0.174,0.392,0.895,"lying","Resting","land","land","",2016-08-09 16:14:50
1,"1.lying",5,"5.Resting",46946,"2016-08-09 16:14:50",0.75,-0.19,0.39,0.854,"lying","Resting","land","land","",2016-08-09 16:14:50
1,"1.lying",5,"5.Resting",46947,"2016-08-09 16:14:50",0.75,-0.159,0.379,0.85,"lying","Resting","land","land","",2016-08-09 16:14:50
1,"1.lying",5,"5.Resting",46948,"2016-08-09 16:14:50",0.75,-0.176,0.436,0.873,"lying","Resting","land","land","",2016-08-09 16:14:50
1,"1.lying",5,"5.Resting",46949,"2016-08-09 16:14:50",0.75,-0.178,0.454,0.883,"lying","Resting","land","land","",2016-08-09 16:14:50
1,"1.lying",5,"5.Resting",46950,"2016-08-09 16:14:50",0.75,-0.178,0.42,0.871,"lying","Resting","land","land","",2016-08-09 16:14:50
1,"1.lying",5,"5.Resting",46951,"2016-08-09 16:14:50",0.75,-0.183,0.405,0.848,"lying","Resting","land","land","",2016-08-09 16:14:50
1,"1.lying",5,"5.Resting",46952,"2016-08-09 16:14:50",0.75,-0.135,0.417,0.869,"lying","Resting","land","land","",2016-08-09 16:14:50
1,"1.lying",5,"5.Resting",46953,"2016-08-09 16:14:50",0.75,-0.154,0.334,0.841,"lying","Resting","land","land","",2016-08-09 16:14:50
1,"1.lying",5,"5.Resting",46954,"2016-08-09 16:14:51",0.75,-0.175,0.348,0.831,"lying","Resting","land","land","",2016-08-09 16:14:51
1,"1.lying",5,"5.Resting",46955,"2016-08-09 16:14:51",0.75,-0.186,0.346,0.824,"lying","Resting","land","land","",2016-08-09 16:14:51
1,"1.lying",5,"5.Resting",46956,"2016-08-09 16:14:51",0.75,-0.147,0.369,0.881,"lying","Resting","land","land","",2016-08-09 16:14:51
1,"1.lying",5,"5.Resting",46957,"2016-08-09 16:14:51",0.75,-0.125,0.359,0.892,"lying","Resting","land","land","",2016-08-09 16:14:51
1,"1.lying",5,"5.Resting",46958,"2016-08-09 16:14:51",0.75,-0.127,0.343,0.829,"lying","Resting","land","land","",2016-08-09 16:14:51
1,"1.lying",5,"5.Resting",46959,"2016-08-09 16:14:51",0.75,-0.137,0.394,0.879,"lying","Resting","land","land","",2016-08-09 16:14:51
1,"1.lying",5,"5.Resting",46960,"2016-08-09 16:14:51",0.75,-0.159,0.416,0.964,"lying","Resting","land","land","",2016-08-09 16:14:51
1,"1.lying",5,"5.Resting",46961,"2016-08-09 16:14:51",0.75,-0.158,0.388,0.934,"lying","Resting","land","land","",2016-08-09 16:14:51
1,"1.lying",5,"5.Resting",46962,"2016-08-09 16:14:51",0.75,-0.121,0.382,0.936,"lying","Resting","land","land","",2016-08-09 16:14:51
1,"1.lying",5,"5.Resting",46963,"2016-08-09 16:14:51",0.75,-0.116,0.351,0.894,"lying","Resting","land","land","",2016-08-09 16:14:51
1,"1.lying",5,"5.Resting",46964,"2016-08-09 16:14:51",0.75,-0.135,0.388,0.915,"lying","Resting","land","land","",2016-08-09 16:14:51
1,"1.lying",5,"5.Resting",46965,"2016-08-09 16:14:51",0.75,-0.136,0.4,0.937,"lying","Resting","land","land","",2016-08-09 16:14:51
1,"1.lying",5,"5.Resting",46966,"2016-08-09 16:14:51",0.75,-0.13,0.407,0.95,"lying","Resting","land","land","",2016-08-09 16:14:51
1,"1.lying",5,"5.Resting",46967,"2016-08-09 16:14:51",0.75,-0.136,0.428,0.984,"lying","Resting","land","land","",2016-08-09 16:14:51
1,"1.lying",5,"5.Resting",46968,"2016-08-09 16:14:51",0.75,-0.139,0.412,0.965,"lying","Resting","land","land","",2016-08-09 16:14:51
1,"1.lying",5,"5.Resting",46969,"2016-08-09 16:14:51",0.75,-0.142,0.411,0.95,"lying","Resting","land","land","",2016-08-09 16:14:51
1,"1.lying",5,"5.Resting",46970,"2016-08-09 16:14:51",0.75,-0.075,0.394,0.873,"lying","Resting","land","land","",2016-08-09 16:14:51
1,"1.lying",5,"5.Resting",46971,"2016-08-09 16:14:51",0.75,-0.034,0.368,0.813,"lying","Resting","land","land","",2016-08-09 16:14:51
NA,"NA.lying",NA,"NA.Resting",46972,"2016-08-09 16:14:51",0.75,-0.083,0.377,0.879,"lying","Resting","","underwater","",2016-08-09 16:14:51
